fecha,Sucursal,bodega,dpto,tipo,venta_neta
2024-01-01,Medellín,1,0605,historico,128650442.0
2024-01-01,Medellín,1,07,historico,931306057.62
2024-01-01,Medellín,1,1301,historico,32012498.0
2024-01-01,Medellín,1,14,historico,32205660.0
2024-01-01,Medellín,1,15,historico,271473319.3
2024-01-01,Medellín,1,1725,historico,179094672.0
2024-01-01,Medellín,1,25,historico,403706716.32
2024-01-01,Medellín,1,76,historico,143182394.0
2024-01-01,Medellín,1,80,historico,235697107.0
2024-01-01,Medellín,1,E,historico,532115246.38
2024-01-01,Bogotá,2,0605,historico,221481496.24
2024-01-01,Bogotá,2,07,historico,1445097994.26
2024-01-01,Bogotá,2,1301,historico,95763568.0
2024-01-01,Bogotá,2,14,historico,203716416.0
2024-01-01,Bogotá,2,15,historico,383984909.0
2024-01-01,Bogotá,2,1725,historico,238323179.0
2024-01-01,Bogotá,2,25,historico,707885454.6
2024-01-01,Bogotá,2,76,historico,92341011.0
2024-01-01,Bogotá,2,80,historico,252439281.6
2024-01-01,Bogotá,2,E,historico,295082281.52
2024-01-01,Cali,3,0605,historico,88486257.0
2024-01-01,Cali,3,07,historico,458266662.9
2024-01-01,Cali,3,1301,historico,38234881.0
2024-01-01,Cali,3,14,historico,33232297.0
2024-01-01,Cali,3,15,historico,118041659.0
2024-01-01,Cali,3,1725,historico,90342362.0
2024-01-01,Cali,3,25,historico,232636869.56
2024-01-01,Cali,3,76,historico,75974763.0
2024-01-01,Cali,3,80,historico,222378787.14
2024-01-01,Cali,3,E,historico,322017189.74
2024-01-01,Barranquilla,4,0605,historico,20373799.0
2024-01-01,Barranquilla,4,07,historico,314311404.6
2024-01-01,Barranquilla,4,1301,historico,52107732.2
2024-01-01,Barranquilla,4,14,historico,110148443.4
2024-01-01,Barranquilla,4,15,historico,190269865.8
2024-01-01,Barranquilla,4,1725,historico,58708737.0
2024-01-01,Barranquilla,4,25,historico,323967249.59
2024-01-01,Barranquilla,4,76,historico,32404805.0
2024-01-01,Barranquilla,4,80,historico,230316852.0
2024-01-01,Barranquilla,4,E,historico,364443534.19
2024-01-01,Cartagena,5,0605,historico,38624330.0
2024-01-01,Cartagena,5,07,historico,387859738.0
2024-01-01,Cartagena,5,1301,historico,73603461.04
2024-01-01,Cartagena,5,14,historico,37838200.0
2024-01-01,Cartagena,5,15,historico,95674272.0
2024-01-01,Cartagena,5,1725,historico,60178793.0
2024-01-01,Cartagena,5,25,historico,206776260.0
2024-01-01,Cartagena,5,76,historico,79510167.0
2024-01-01,Cartagena,5,80,historico,110011921.0
2024-01-01,Cartagena,5,E,historico,143551194.84
2024-02-01,Medellín,1,0605,historico,124688864.0
2024-02-01,Medellín,1,07,historico,1222314759.0
2024-02-01,Medellín,1,1301,historico,74408957.0
2024-02-01,Medellín,1,14,historico,153905817.16
2024-02-01,Medellín,1,15,historico,314499491.8
2024-02-01,Medellín,1,1725,historico,222358367.0
2024-02-01,Medellín,1,25,historico,520424752.12
2024-02-01,Medellín,1,76,historico,142239073.0
2024-02-01,Medellín,1,80,historico,340957801.56
2024-02-01,Medellín,1,E,historico,643636160.65
2024-02-01,Bogotá,2,0605,historico,236161742.84
2024-02-01,Bogotá,2,07,historico,1735257254.66
2024-02-01,Bogotá,2,1301,historico,147114322.0
2024-02-01,Bogotá,2,14,historico,193601849.0
2024-02-01,Bogotá,2,15,historico,413956397.2
2024-02-01,Bogotá,2,1725,historico,274402731.0
2024-02-01,Bogotá,2,25,historico,746966598.14
2024-02-01,Bogotá,2,76,historico,156544749.0
2024-02-01,Bogotá,2,80,historico,269654751.39
2024-02-01,Bogotá,2,E,historico,444601213.12
2024-02-01,Cali,3,0605,historico,98602879.0
2024-02-01,Cali,3,07,historico,485022800.5
2024-02-01,Cali,3,1301,historico,119818865.32
2024-02-01,Cali,3,14,historico,90453467.24
2024-02-01,Cali,3,15,historico,153997552.0
2024-02-01,Cali,3,1725,historico,144424134.0
2024-02-01,Cali,3,25,historico,254847814.95
2024-02-01,Cali,3,76,historico,124621789.0
2024-02-01,Cali,3,80,historico,256592755.0
2024-02-01,Cali,3,E,historico,293252652.7
2024-02-01,Barranquilla,4,0605,historico,34752564.0
2024-02-01,Barranquilla,4,07,historico,387548836.0
2024-02-01,Barranquilla,4,1301,historico,81570869.6
2024-02-01,Barranquilla,4,14,historico,63049539.54
2024-02-01,Barranquilla,4,15,historico,299736522.0
2024-02-01,Barranquilla,4,1725,historico,56786944.0
2024-02-01,Barranquilla,4,25,historico,457529832.81
2024-02-01,Barranquilla,4,76,historico,64086855.0
2024-02-01,Barranquilla,4,80,historico,124730305.0
2024-02-01,Barranquilla,4,E,historico,178802338.25
2024-02-01,Cartagena,5,0605,historico,64128840.0
2024-02-01,Cartagena,5,07,historico,520167119.14
2024-02-01,Cartagena,5,1301,historico,187643571.0
2024-02-01,Cartagena,5,14,historico,48690071.0
2024-02-01,Cartagena,5,15,historico,101629999.0
2024-02-01,Cartagena,5,1725,historico,116076951.0
2024-02-01,Cartagena,5,25,historico,249936976.0
2024-02-01,Cartagena,5,76,historico,90539416.4
2024-02-01,Cartagena,5,80,historico,151366171.0
2024-02-01,Cartagena,5,E,historico,119586042.06
2024-03-01,Medellín,1,0605,historico,121536792.0
2024-03-01,Medellín,1,07,historico,1041732315.53
2024-03-01,Medellín,1,1301,historico,520113084.0
2024-03-01,Medellín,1,14,historico,40551093.0
2024-03-01,Medellín,1,15,historico,313861773.0
2024-03-01,Medellín,1,1725,historico,140178418.0
2024-03-01,Medellín,1,25,historico,437379894.08
2024-03-01,Medellín,1,76,historico,126111997.0
2024-03-01,Medellín,1,80,historico,209307128.0
2024-03-01,Medellín,1,E,historico,568463819.01
2024-03-01,Bogotá,2,0605,historico,207818559.9
2024-03-01,Bogotá,2,07,historico,1564069896.12
2024-03-01,Bogotá,2,1301,historico,129574309.0
2024-03-01,Bogotá,2,14,historico,173093749.4
2024-03-01,Bogotá,2,15,historico,364490024.0
2024-03-01,Bogotá,2,1725,historico,231346187.0
2024-03-01,Bogotá,2,25,historico,874654024.02
2024-03-01,Bogotá,2,76,historico,146178541.0
2024-03-01,Bogotá,2,80,historico,239738140.25
2024-03-01,Bogotá,2,E,historico,361876013.82
2024-03-01,Cali,3,0605,historico,95693275.2
2024-03-01,Cali,3,07,historico,388333591.75
2024-03-01,Cali,3,1301,historico,112976030.16
2024-03-01,Cali,3,14,historico,46330732.14
2024-03-01,Cali,3,15,historico,129687487.0
2024-03-01,Cali,3,1725,historico,309290227.0
2024-03-01,Cali,3,25,historico,190698337.75
2024-03-01,Cali,3,76,historico,129973387.0
2024-03-01,Cali,3,80,historico,198058365.0
2024-03-01,Cali,3,E,historico,241414622.02
2024-03-01,Barranquilla,4,0605,historico,15774819.0
2024-03-01,Barranquilla,4,07,historico,308085496.0
2024-03-01,Barranquilla,4,1301,historico,28043954.4
2024-03-01,Barranquilla,4,14,historico,20600709.0
2024-03-01,Barranquilla,4,15,historico,112364539.0
2024-03-01,Barranquilla,4,1725,historico,67660053.0
2024-03-01,Barranquilla,4,25,historico,258196279.19
2024-03-01,Barranquilla,4,76,historico,61070972.0
2024-03-01,Barranquilla,4,80,historico,147810305.0
2024-03-01,Barranquilla,4,E,historico,351012274.89
2024-03-01,Cartagena,5,0605,historico,31151563.0
2024-03-01,Cartagena,5,07,historico,468436139.66
2024-03-01,Cartagena,5,1301,historico,47527603.0
2024-03-01,Cartagena,5,14,historico,65150981.0
2024-03-01,Cartagena,5,15,historico,89258391.0
2024-03-01,Cartagena,5,1725,historico,89022251.0
2024-03-01,Cartagena,5,25,historico,172186495.7
2024-03-01,Cartagena,5,76,historico,100973473.0
2024-03-01,Cartagena,5,80,historico,134866030.0
2024-03-01,Cartagena,5,E,historico,101612885.66
2024-04-01,Medellín,1,0605,historico,168591418.0
2024-04-01,Medellín,1,07,historico,1226325038.0
2024-04-01,Medellín,1,1301,historico,79584779.0
2024-04-01,Medellín,1,14,historico,84772597.68
2024-04-01,Medellín,1,15,historico,287438043.0
2024-04-01,Medellín,1,1725,historico,382464109.0
2024-04-01,Medellín,1,25,historico,518745566.6
2024-04-01,Medellín,1,76,historico,139325668.0
2024-04-01,Medellín,1,80,historico,295046241.0
2024-04-01,Medellín,1,E,historico,874664272.43
2024-04-01,Bogotá,2,0605,historico,254167865.57
2024-04-01,Bogotá,2,07,historico,2004931347.0
2024-04-01,Bogotá,2,1301,historico,176812892.0
2024-04-01,Bogotá,2,14,historico,296571451.0
2024-04-01,Bogotá,2,15,historico,399141170.0
2024-04-01,Bogotá,2,1725,historico,324641478.0
2024-04-01,Bogotá,2,25,historico,868055854.4
2024-04-01,Bogotá,2,76,historico,189196610.0
2024-04-01,Bogotá,2,80,historico,356844689.0
2024-04-01,Bogotá,2,E,historico,387583512.36
2024-04-01,Cali,3,0605,historico,84207106.0
2024-04-01,Cali,3,07,historico,550194581.4
2024-04-01,Cali,3,1301,historico,124692878.94
2024-04-01,Cali,3,14,historico,53232551.96
2024-04-01,Cali,3,15,historico,124752386.0
2024-04-01,Cali,3,1725,historico,171012104.0
2024-04-01,Cali,3,25,historico,233954754.89000002
2024-04-01,Cali,3,76,historico,140183576.0
2024-04-01,Cali,3,80,historico,294169682.89
2024-04-01,Cali,3,E,historico,419094500.26
2024-04-01,Barranquilla,4,0605,historico,26007292.0
2024-04-01,Barranquilla,4,07,historico,400708591.4
2024-04-01,Barranquilla,4,1301,historico,66320236.85
2024-04-01,Barranquilla,4,14,historico,83335317.88
2024-04-01,Barranquilla,4,15,historico,364751349.0
2024-04-01,Barranquilla,4,1725,historico,108836149.0
2024-04-01,Barranquilla,4,25,historico,576904170.5699999
2024-04-01,Barranquilla,4,76,historico,47433689.0
2024-04-01,Barranquilla,4,80,historico,115734237.15
2024-04-01,Barranquilla,4,E,historico,406545417.67
2024-04-01,Cartagena,5,0605,historico,34794271.0
2024-04-01,Cartagena,5,07,historico,493792672.66
2024-04-01,Cartagena,5,1301,historico,298812458.7
2024-04-01,Cartagena,5,14,historico,58104994.0
2024-04-01,Cartagena,5,15,historico,111856518.0
2024-04-01,Cartagena,5,1725,historico,127360332.0
2024-04-01,Cartagena,5,25,historico,261315291.0
2024-04-01,Cartagena,5,76,historico,80393606.0
2024-04-01,Cartagena,5,80,historico,201402479.0
2024-04-01,Cartagena,5,E,historico,208225008.52
2024-05-01,Medellín,1,0605,historico,125826396.0
2024-05-01,Medellín,1,07,historico,1239014654.7
2024-05-01,Medellín,1,1301,historico,143621518.04
2024-05-01,Medellín,1,14,historico,246711400.69
2024-05-01,Medellín,1,15,historico,276591473.0
2024-05-01,Medellín,1,1725,historico,174739102.0
2024-05-01,Medellín,1,25,historico,590422300.44
2024-05-01,Medellín,1,76,historico,115668127.0
2024-05-01,Medellín,1,80,historico,341801274.0
2024-05-01,Medellín,1,E,historico,669068733.3
2024-05-01,Bogotá,2,0605,historico,259950066.54
2024-05-01,Bogotá,2,07,historico,1822091963.78
2024-05-01,Bogotá,2,1301,historico,179270262.0
2024-05-01,Bogotá,2,14,historico,232990225.0
2024-05-01,Bogotá,2,15,historico,374716627.0
2024-05-01,Bogotá,2,1725,historico,303415371.0
2024-05-01,Bogotá,2,25,historico,778799018.8
2024-05-01,Bogotá,2,76,historico,147234275.0
2024-05-01,Bogotá,2,80,historico,275017806.88
2024-05-01,Bogotá,2,E,historico,504418574.09
2024-05-01,Cali,3,0605,historico,100097128.0
2024-05-01,Cali,3,07,historico,579663230.05
2024-05-01,Cali,3,1301,historico,87815389.04
2024-05-01,Cali,3,14,historico,40383905.24
2024-05-01,Cali,3,15,historico,146478138.0
2024-05-01,Cali,3,1725,historico,109073420.0
2024-05-01,Cali,3,25,historico,227261684.91
2024-05-01,Cali,3,76,historico,112046121.0
2024-05-01,Cali,3,80,historico,235707867.0
2024-05-01,Cali,3,E,historico,354175180.78
2024-05-01,Barranquilla,4,0605,historico,40865990.0
2024-05-01,Barranquilla,4,07,historico,336523479.0
2024-05-01,Barranquilla,4,1301,historico,148805444.0
2024-05-01,Barranquilla,4,14,historico,57185533.0
2024-05-01,Barranquilla,4,15,historico,262214230.0
2024-05-01,Barranquilla,4,1725,historico,40816351.0
2024-05-01,Barranquilla,4,25,historico,360137287.07
2024-05-01,Barranquilla,4,76,historico,34235203.0
2024-05-01,Barranquilla,4,80,historico,113606204.0
2024-05-01,Barranquilla,4,E,historico,390259110.05
2024-05-01,Cartagena,5,0605,historico,49102177.0
2024-05-01,Cartagena,5,07,historico,627879659.2
2024-05-01,Cartagena,5,1301,historico,20620860.08
2024-05-01,Cartagena,5,14,historico,47998074.0
2024-05-01,Cartagena,5,15,historico,110607064.0
2024-05-01,Cartagena,5,1725,historico,71020202.0
2024-05-01,Cartagena,5,25,historico,267996269.0
2024-05-01,Cartagena,5,76,historico,86196337.0
2024-05-01,Cartagena,5,80,historico,167807159.0
2024-05-01,Cartagena,5,E,historico,102554796.0
2024-06-01,Medellín,1,0605,historico,121777119.0
2024-06-01,Medellín,1,07,historico,1213357107.3
2024-06-01,Medellín,1,1301,historico,227755285.0
2024-06-01,Medellín,1,14,historico,122144793.89
2024-06-01,Medellín,1,15,historico,291333638.0
2024-06-01,Medellín,1,1725,historico,193470354.0
2024-06-01,Medellín,1,25,historico,598256031.0
2024-06-01,Medellín,1,76,historico,124073014.0
2024-06-01,Medellín,1,80,historico,302454097.54
2024-06-01,Medellín,1,E,historico,638987004.55
2024-06-01,Bogotá,2,0605,historico,227674254.4
2024-06-01,Bogotá,2,07,historico,1728576184.34
2024-06-01,Bogotá,2,1301,historico,251788872.0
2024-06-01,Bogotá,2,14,historico,110025819.4
2024-06-01,Bogotá,2,15,historico,386160952.0
2024-06-01,Bogotá,2,1725,historico,268796878.0
2024-06-01,Bogotá,2,25,historico,817080889.8
2024-06-01,Bogotá,2,76,historico,176857713.0
2024-06-01,Bogotá,2,80,historico,253239727.0
2024-06-01,Bogotá,2,E,historico,692533551.36
2024-06-01,Cali,3,0605,historico,90403948.0
2024-06-01,Cali,3,07,historico,536009249.0
2024-06-01,Cali,3,1301,historico,201813012.1
2024-06-01,Cali,3,14,historico,68460416.07
2024-06-01,Cali,3,15,historico,158788403.0
2024-06-01,Cali,3,1725,historico,103701056.0
2024-06-01,Cali,3,25,historico,217098996.46
2024-06-01,Cali,3,76,historico,79451415.0
2024-06-01,Cali,3,80,historico,172697274.0
2024-06-01,Cali,3,E,historico,374839352.29
2024-06-01,Barranquilla,4,0605,historico,21903414.0
2024-06-01,Barranquilla,4,07,historico,420466744.8
2024-06-01,Barranquilla,4,1301,historico,37054928.8
2024-06-01,Barranquilla,4,14,historico,75264460.56
2024-06-01,Barranquilla,4,15,historico,232907358.0
2024-06-01,Barranquilla,4,1725,historico,41064272.0
2024-06-01,Barranquilla,4,25,historico,479768103.92
2024-06-01,Barranquilla,4,76,historico,37867538.0
2024-06-01,Barranquilla,4,80,historico,82180014.0
2024-06-01,Barranquilla,4,E,historico,344414049.40999997
2024-06-01,Cartagena,5,0605,historico,49383900.0
2024-06-01,Cartagena,5,07,historico,387763944.0
2024-06-01,Cartagena,5,1301,historico,16294351.0
2024-06-01,Cartagena,5,14,historico,38849628.0
2024-06-01,Cartagena,5,15,historico,98329020.0
2024-06-01,Cartagena,5,1725,historico,87411405.0
2024-06-01,Cartagena,5,25,historico,238953349.6
2024-06-01,Cartagena,5,76,historico,80937093.0
2024-06-01,Cartagena,5,80,historico,71158994.0
2024-06-01,Cartagena,5,E,historico,180947460.9
2024-07-01,Medellín,1,0605,historico,114609065.0
2024-07-01,Medellín,1,07,historico,1292754553.34
2024-07-01,Medellín,1,1301,historico,133820604.52
2024-07-01,Medellín,1,14,historico,65008304.0
2024-07-01,Medellín,1,15,historico,322828087.7
2024-07-01,Medellín,1,1725,historico,218462091.0
2024-07-01,Medellín,1,25,historico,539731126.05
2024-07-01,Medellín,1,76,historico,157947196.0
2024-07-01,Medellín,1,80,historico,311692451.44
2024-07-01,Medellín,1,E,historico,836751263.5
2024-07-01,Bogotá,2,0605,historico,281697729.17
2024-07-01,Bogotá,2,07,historico,1879750763.66
2024-07-01,Bogotá,2,1301,historico,119306346.0
2024-07-01,Bogotá,2,14,historico,130528292.0
2024-07-01,Bogotá,2,15,historico,395521045.0
2024-07-01,Bogotá,2,1725,historico,274690673.0
2024-07-01,Bogotá,2,25,historico,858281947.11
2024-07-01,Bogotá,2,76,historico,161387477.52
2024-07-01,Bogotá,2,80,historico,175871795.0
2024-07-01,Bogotá,2,E,historico,485824677.7
2024-07-01,Cali,3,0605,historico,96423231.0
2024-07-01,Cali,3,07,historico,570493759.87
2024-07-01,Cali,3,1301,historico,80925442.61
2024-07-01,Cali,3,14,historico,39930870.32
2024-07-01,Cali,3,15,historico,134246869.0
2024-07-01,Cali,3,1725,historico,227072419.0
2024-07-01,Cali,3,25,historico,344946729.16
2024-07-01,Cali,3,76,historico,133841313.0
2024-07-01,Cali,3,80,historico,243746650.0
2024-07-01,Cali,3,E,historico,240595105.8
2024-07-01,Barranquilla,4,0605,historico,37558729.0
2024-07-01,Barranquilla,4,07,historico,450693826.76
2024-07-01,Barranquilla,4,1301,historico,88220604.52
2024-07-01,Barranquilla,4,14,historico,172484462.44
2024-07-01,Barranquilla,4,15,historico,244588036.0
2024-07-01,Barranquilla,4,1725,historico,47327273.0
2024-07-01,Barranquilla,4,25,historico,374993148.3
2024-07-01,Barranquilla,4,76,historico,38438896.0
2024-07-01,Barranquilla,4,80,historico,117283878.0
2024-07-01,Barranquilla,4,E,historico,432404580.71
2024-07-01,Cartagena,5,0605,historico,52795993.0
2024-07-01,Cartagena,5,07,historico,543296132.0
2024-07-01,Cartagena,5,1301,historico,74283737.6
2024-07-01,Cartagena,5,14,historico,42570249.0
2024-07-01,Cartagena,5,15,historico,135500953.0
2024-07-01,Cartagena,5,1725,historico,88142004.2
2024-07-01,Cartagena,5,25,historico,176228133.8
2024-07-01,Cartagena,5,76,historico,46525433.0
2024-07-01,Cartagena,5,80,historico,118916231.0
2024-07-01,Cartagena,5,E,historico,313206881.08
2024-08-01,Medellín,1,0605,historico,162535266.0
2024-08-01,Medellín,1,07,historico,1155518125.06
2024-08-01,Medellín,1,1301,historico,360879601.0
2024-08-01,Medellín,1,14,historico,233047205.18
2024-08-01,Medellín,1,15,historico,336698032.2
2024-08-01,Medellín,1,1725,historico,206079245.0
2024-08-01,Medellín,1,25,historico,653628882.7
2024-08-01,Medellín,1,76,historico,125449683.0
2024-08-01,Medellín,1,80,historico,319316641.0
2024-08-01,Medellín,1,E,historico,989206859.51
2024-08-01,Bogotá,2,0605,historico,311244237.28
2024-08-01,Bogotá,2,07,historico,2092986086.58
2024-08-01,Bogotá,2,1301,historico,169894517.0
2024-08-01,Bogotá,2,14,historico,257429555.0
2024-08-01,Bogotá,2,15,historico,410211790.36
2024-08-01,Bogotá,2,1725,historico,385732927.0
2024-08-01,Bogotá,2,25,historico,859821955.58
2024-08-01,Bogotá,2,76,historico,164036528.0
2024-08-01,Bogotá,2,80,historico,170526071.0
2024-08-01,Bogotá,2,E,historico,462208525.22
2024-08-01,Cali,3,0605,historico,143490656.0
2024-08-01,Cali,3,07,historico,500808732.3
2024-08-01,Cali,3,1301,historico,67716377.01
2024-08-01,Cali,3,14,historico,59517289.32
2024-08-01,Cali,3,15,historico,169546181.0
2024-08-01,Cali,3,1725,historico,248529401.0
2024-08-01,Cali,3,25,historico,268139740.75
2024-08-01,Cali,3,76,historico,91578039.0
2024-08-01,Cali,3,80,historico,192478224.92000002
2024-08-01,Cali,3,E,historico,221356736.43
2024-08-01,Barranquilla,4,0605,historico,24326894.8
2024-08-01,Barranquilla,4,07,historico,445936612.44
2024-08-01,Barranquilla,4,1301,historico,89147847.0
2024-08-01,Barranquilla,4,14,historico,121620794.0
2024-08-01,Barranquilla,4,15,historico,311622778.0
2024-08-01,Barranquilla,4,1725,historico,86485795.0
2024-08-01,Barranquilla,4,25,historico,509790924.0
2024-08-01,Barranquilla,4,76,historico,45547698.0
2024-08-01,Barranquilla,4,80,historico,80693781.0
2024-08-01,Barranquilla,4,E,historico,411971190.01
2024-08-01,Cartagena,5,0605,historico,61513149.0
2024-08-01,Cartagena,5,07,historico,542503343.0
2024-08-01,Cartagena,5,1301,historico,106913556.0
2024-08-01,Cartagena,5,14,historico,34271885.0
2024-08-01,Cartagena,5,15,historico,112401183.0
2024-08-01,Cartagena,5,1725,historico,77854262.0
2024-08-01,Cartagena,5,25,historico,188060774.0
2024-08-01,Cartagena,5,76,historico,96320704.0
2024-08-01,Cartagena,5,80,historico,55828009.0
2024-08-01,Cartagena,5,E,historico,135715450.15
2024-09-01,Medellín,1,0605,historico,156810116.0
2024-09-01,Medellín,1,07,historico,1264750348.93
2024-09-01,Medellín,1,1301,historico,255409088.0
2024-09-01,Medellín,1,14,historico,58151386.0
2024-09-01,Medellín,1,15,historico,319689923.2
2024-09-01,Medellín,1,1725,historico,151310559.0
2024-09-01,Medellín,1,25,historico,627903253.1
2024-09-01,Medellín,1,76,historico,165762429.0
2024-09-01,Medellín,1,80,historico,352470729.2
2024-09-01,Medellín,1,E,historico,724718301.37
2024-09-01,Bogotá,2,0605,historico,300904898.56
2024-09-01,Bogotá,2,07,historico,1951748686.84
2024-09-01,Bogotá,2,1301,historico,203567680.0
2024-09-01,Bogotá,2,14,historico,129910152.0
2024-09-01,Bogotá,2,15,historico,480514298.85
2024-09-01,Bogotá,2,1725,historico,380026984.9
2024-09-01,Bogotá,2,25,historico,770813563.52
2024-09-01,Bogotá,2,76,historico,220967047.0
2024-09-01,Bogotá,2,80,historico,285750462.8
2024-09-01,Bogotá,2,E,historico,429244580.41
2024-09-01,Cali,3,0605,historico,102244180.56
2024-09-01,Cali,3,07,historico,569551201.45
2024-09-01,Cali,3,1301,historico,150392299.06
2024-09-01,Cali,3,14,historico,39278788.54
2024-09-01,Cali,3,15,historico,133485184.0
2024-09-01,Cali,3,1725,historico,148907852.0
2024-09-01,Cali,3,25,historico,234783025.82
2024-09-01,Cali,3,76,historico,118832948.0
2024-09-01,Cali,3,80,historico,189545268.0
2024-09-01,Cali,3,E,historico,314863942.6
2024-09-01,Barranquilla,4,0605,historico,49700783.0
2024-09-01,Barranquilla,4,07,historico,501107879.5
2024-09-01,Barranquilla,4,1301,historico,61487148.0
2024-09-01,Barranquilla,4,14,historico,91591174.0
2024-09-01,Barranquilla,4,15,historico,250039727.12
2024-09-01,Barranquilla,4,1725,historico,114469852.0
2024-09-01,Barranquilla,4,25,historico,376482640.0
2024-09-01,Barranquilla,4,76,historico,64325227.0
2024-09-01,Barranquilla,4,80,historico,88219217.0
2024-09-01,Barranquilla,4,E,historico,724808022.5
2024-09-01,Cartagena,5,0605,historico,47436662.0
2024-09-01,Cartagena,5,07,historico,520167097.24
2024-09-01,Cartagena,5,1301,historico,59101499.0
2024-09-01,Cartagena,5,14,historico,41995384.0
2024-09-01,Cartagena,5,15,historico,119155848.8
2024-09-01,Cartagena,5,1725,historico,110294675.6
2024-09-01,Cartagena,5,25,historico,226675343.0
2024-09-01,Cartagena,5,76,historico,68817868.0
2024-09-01,Cartagena,5,80,historico,85136190.0
2024-09-01,Cartagena,5,E,historico,207804390.54
2024-10-01,Medellín,1,0605,historico,150955824.94
2024-10-01,Medellín,1,07,historico,1082069082.9
2024-10-01,Medellín,1,1301,historico,156504513.36
2024-10-01,Medellín,1,14,historico,49256566.89
2024-10-01,Medellín,1,15,historico,317933826.0
2024-10-01,Medellín,1,1725,historico,296010253.67
2024-10-01,Medellín,1,25,historico,626702913.23
2024-10-01,Medellín,1,76,historico,135212135.0
2024-10-01,Medellín,1,80,historico,270852822.34
2024-10-01,Medellín,1,E,historico,725677155.1
2024-10-01,Bogotá,2,0605,historico,312708136.33
2024-10-01,Bogotá,2,07,historico,2243892010.59
2024-10-01,Bogotá,2,1301,historico,235393830.0
2024-10-01,Bogotá,2,14,historico,262106645.0
2024-10-01,Bogotá,2,15,historico,381235089.0
2024-10-01,Bogotá,2,1725,historico,212263585.0
2024-10-01,Bogotá,2,25,historico,1164304654.78
2024-10-01,Bogotá,2,76,historico,146197190.0
2024-10-01,Bogotá,2,80,historico,288400224.0
2024-10-01,Bogotá,2,E,historico,690173218.2
2024-10-01,Cali,3,0605,historico,115450955.0
2024-10-01,Cali,3,07,historico,398933378.7
2024-10-01,Cali,3,1301,historico,59534635.48
2024-10-01,Cali,3,14,historico,50316545.8
2024-10-01,Cali,3,15,historico,163947642.2
2024-10-01,Cali,3,1725,historico,73264406.0
2024-10-01,Cali,3,25,historico,224033880.48
2024-10-01,Cali,3,76,historico,118539776.0
2024-10-01,Cali,3,80,historico,263772929.56
2024-10-01,Cali,3,E,historico,363223189.43
2024-10-01,Barranquilla,4,0605,historico,45103370.0
2024-10-01,Barranquilla,4,07,historico,474886685.0
2024-10-01,Barranquilla,4,1301,historico,107288944.0
2024-10-01,Barranquilla,4,14,historico,106077609.0
2024-10-01,Barranquilla,4,15,historico,296417738.64
2024-10-01,Barranquilla,4,1725,historico,60989824.0
2024-10-01,Barranquilla,4,25,historico,598732344.0
2024-10-01,Barranquilla,4,76,historico,53774209.0
2024-10-01,Barranquilla,4,80,historico,85303896.0
2024-10-01,Barranquilla,4,E,historico,670498467.27
2024-10-01,Cartagena,5,0605,historico,57656629.0
2024-10-01,Cartagena,5,07,historico,407392384.8
2024-10-01,Cartagena,5,1301,historico,137496121.0
2024-10-01,Cartagena,5,14,historico,39788203.0
2024-10-01,Cartagena,5,15,historico,113408561.6
2024-10-01,Cartagena,5,1725,historico,109624848.6
2024-10-01,Cartagena,5,25,historico,215936272.0
2024-10-01,Cartagena,5,76,historico,49722136.0
2024-10-01,Cartagena,5,80,historico,154622339.0
2024-10-01,Cartagena,5,E,historico,169796365.0
2024-11-01,Medellín,1,0605,historico,173960089.06
2024-11-01,Medellín,1,07,historico,969974419.11
2024-11-01,Medellín,1,1301,historico,166311638.64
2024-11-01,Medellín,1,14,historico,73835570.82
2024-11-01,Medellín,1,15,historico,341173336.0
2024-11-01,Medellín,1,1725,historico,209693942.4
2024-11-01,Medellín,1,25,historico,528455197.74
2024-11-01,Medellín,1,76,historico,110069230.0
2024-11-01,Medellín,1,80,historico,274893739.82
2024-11-01,Medellín,1,E,historico,671283254.59
2024-11-01,Bogotá,2,0605,historico,255753143.78
2024-11-01,Bogotá,2,07,historico,1935226466.38
2024-11-01,Bogotá,2,1301,historico,126619019.0
2024-11-01,Bogotá,2,14,historico,138925999.0
2024-11-01,Bogotá,2,15,historico,436149288.18
2024-11-01,Bogotá,2,1725,historico,244066833.0
2024-11-01,Bogotá,2,25,historico,909109746.82
2024-11-01,Bogotá,2,76,historico,180761314.52
2024-11-01,Bogotá,2,80,historico,317363474.0
2024-11-01,Bogotá,2,E,historico,439438516.28
2024-11-01,Cali,3,0605,historico,81728248.04
2024-11-01,Cali,3,07,historico,612287743.62
2024-11-01,Cali,3,1301,historico,148680637.34
2024-11-01,Cali,3,14,historico,89735988.5
2024-11-01,Cali,3,15,historico,157286042.0
2024-11-01,Cali,3,1725,historico,406038869.0
2024-11-01,Cali,3,25,historico,189188808.5
2024-11-01,Cali,3,76,historico,131961600.0
2024-11-01,Cali,3,80,historico,195678433.0
2024-11-01,Cali,3,E,historico,382471051.90999997
2024-11-01,Barranquilla,4,0605,historico,39473223.0
2024-11-01,Barranquilla,4,07,historico,338136849.25
2024-11-01,Barranquilla,4,1301,historico,116555449.0
2024-11-01,Barranquilla,4,14,historico,117061558.0
2024-11-01,Barranquilla,4,15,historico,261402069.0
2024-11-01,Barranquilla,4,1725,historico,72712547.0
2024-11-01,Barranquilla,4,25,historico,417085473.0
2024-11-01,Barranquilla,4,76,historico,59167221.0
2024-11-01,Barranquilla,4,80,historico,181776954.0
2024-11-01,Barranquilla,4,E,historico,698041929.23
2024-11-01,Cartagena,5,0605,historico,37278486.0
2024-11-01,Cartagena,5,07,historico,477251013.2
2024-11-01,Cartagena,5,1301,historico,96792734.0
2024-11-01,Cartagena,5,14,historico,14305083.0
2024-11-01,Cartagena,5,15,historico,111307098.1
2024-11-01,Cartagena,5,1725,historico,118742556.0
2024-11-01,Cartagena,5,25,historico,214848470.37
2024-11-01,Cartagena,5,76,historico,67782354.0
2024-11-01,Cartagena,5,80,historico,93496545.0
2024-11-01,Cartagena,5,E,historico,122434994.78999999
2024-12-01,Medellín,1,0605,historico,152458476.0
2024-12-01,Medellín,1,07,historico,1206537107.39
2024-12-01,Medellín,1,1301,historico,50856193.0
2024-12-01,Medellín,1,14,historico,67005940.4
2024-12-01,Medellín,1,15,historico,300453576.0
2024-12-01,Medellín,1,1725,historico,235846709.6
2024-12-01,Medellín,1,25,historico,668673511.11
2024-12-01,Medellín,1,76,historico,117280063.0
2024-12-01,Medellín,1,80,historico,327071134.78
2024-12-01,Medellín,1,E,historico,705795956.52
2024-12-01,Bogotá,2,0605,historico,212812775.8
2024-12-01,Bogotá,2,07,historico,1993120966.86
2024-12-01,Bogotá,2,1301,historico,157999297.92
2024-12-01,Bogotá,2,14,historico,153910901.1
2024-12-01,Bogotá,2,15,historico,330479581.52
2024-12-01,Bogotá,2,1725,historico,477740590.0
2024-12-01,Bogotá,2,25,historico,1096206662.08
2024-12-01,Bogotá,2,76,historico,136183477.52
2024-12-01,Bogotá,2,80,historico,231901552.86
2024-12-01,Bogotá,2,E,historico,236260634.48
2024-12-01,Cali,3,0605,historico,97212748.68
2024-12-01,Cali,3,07,historico,429455181.28
2024-12-01,Cali,3,1301,historico,77494665.1
2024-12-01,Cali,3,14,historico,93435118.12
2024-12-01,Cali,3,15,historico,138076296.0
2024-12-01,Cali,3,1725,historico,155006611.0
2024-12-01,Cali,3,25,historico,265536430.06
2024-12-01,Cali,3,76,historico,160576532.0
2024-12-01,Cali,3,80,historico,259785138.0
2024-12-01,Cali,3,E,historico,226643367.32999998
2024-12-01,Barranquilla,4,0605,historico,47704367.0
2024-12-01,Barranquilla,4,07,historico,408838295.0
2024-12-01,Barranquilla,4,1301,historico,69209672.56
2024-12-01,Barranquilla,4,14,historico,162152467.0
2024-12-01,Barranquilla,4,15,historico,291783463.0
2024-12-01,Barranquilla,4,1725,historico,62840753.0
2024-12-01,Barranquilla,4,25,historico,493434110.0
2024-12-01,Barranquilla,4,76,historico,50135961.0
2024-12-01,Barranquilla,4,80,historico,88302131.0
2024-12-01,Barranquilla,4,E,historico,361678971.22
2024-12-01,Cartagena,5,0605,historico,36335107.0
2024-12-01,Cartagena,5,07,historico,395347088.0
2024-12-01,Cartagena,5,1301,historico,13238766.0
2024-12-01,Cartagena,5,14,historico,9852914.0
2024-12-01,Cartagena,5,15,historico,101825003.22
2024-12-01,Cartagena,5,1725,historico,138043393.0
2024-12-01,Cartagena,5,25,historico,183318607.0
2024-12-01,Cartagena,5,76,historico,72247289.0
2024-12-01,Cartagena,5,80,historico,144706490.0
2024-12-01,Cartagena,5,E,historico,151013613.6
2025-01-01,Medellín,1,0605,historico,142296586.0
2025-01-01,Medellín,1,07,historico,1007840495.0
2025-01-01,Medellín,1,1301,historico,131672059.0
2025-01-01,Medellín,1,14,historico,117146232.0
2025-01-01,Medellín,1,15,historico,247947646.2
2025-01-01,Medellín,1,1725,historico,248040537.0
2025-01-01,Medellín,1,25,historico,545122395.56
2025-01-01,Medellín,1,76,historico,113603940.0
2025-01-01,Medellín,1,80,historico,273160674.0
2025-01-01,Medellín,1,E,historico,713658151.55
2025-01-01,Bogotá,2,0605,historico,237540821.54
2025-01-01,Bogotá,2,07,historico,2175635039.4
2025-01-01,Bogotá,2,1301,historico,143690942.5
2025-01-01,Bogotá,2,14,historico,228464951.0
2025-01-01,Bogotá,2,15,historico,374862770.4
2025-01-01,Bogotá,2,1725,historico,187868223.0
2025-01-01,Bogotá,2,25,historico,797362468.98
2025-01-01,Bogotá,2,76,historico,132582826.0
2025-01-01,Bogotá,2,80,historico,316979581.57
2025-01-01,Bogotá,2,E,historico,518591562.4
2025-01-01,Cali,3,0605,historico,76973775.0
2025-01-01,Cali,3,07,historico,612814427.14
2025-01-01,Cali,3,1301,historico,57754282.72
2025-01-01,Cali,3,14,historico,52854450.0
2025-01-01,Cali,3,15,historico,136287475.0
2025-01-01,Cali,3,1725,historico,92482017.0
2025-01-01,Cali,3,25,historico,183302245.26
2025-01-01,Cali,3,76,historico,105934334.0
2025-01-01,Cali,3,80,historico,235095776.0
2025-01-01,Cali,3,E,historico,321664118.7
2025-01-01,Barranquilla,4,0605,historico,21417850.0
2025-01-01,Barranquilla,4,07,historico,627011384.2
2025-01-01,Barranquilla,4,1301,historico,108209211.0
2025-01-01,Barranquilla,4,14,historico,124238466.3
2025-01-01,Barranquilla,4,15,historico,252674230.0
2025-01-01,Barranquilla,4,1725,historico,88687787.0
2025-01-01,Barranquilla,4,25,historico,342084787.0
2025-01-01,Barranquilla,4,76,historico,42641376.05
2025-01-01,Barranquilla,4,80,historico,122008388.0
2025-01-01,Barranquilla,4,E,historico,308127344.3
2025-01-01,Cartagena,5,0605,historico,41840333.0
2025-01-01,Cartagena,5,07,historico,449898368.0
2025-01-01,Cartagena,5,1301,historico,104768850.0
2025-01-01,Cartagena,5,14,historico,6283594.0
2025-01-01,Cartagena,5,15,historico,112653931.0
2025-01-01,Cartagena,5,1725,historico,107032679.0
2025-01-01,Cartagena,5,25,historico,185744692.0
2025-01-01,Cartagena,5,76,historico,53784782.0
2025-01-01,Cartagena,5,80,historico,82044967.71
2025-01-01,Cartagena,5,E,historico,161513437.64
2025-02-01,Medellín,1,0605,historico,166011519.5
2025-02-01,Medellín,1,07,historico,1405881805.98
2025-02-01,Medellín,1,1301,historico,102887074.0
2025-02-01,Medellín,1,14,historico,54695685.6
2025-02-01,Medellín,1,15,historico,306412402.0
2025-02-01,Medellín,1,1725,historico,288622056.0
2025-02-01,Medellín,1,25,historico,835761921.0
2025-02-01,Medellín,1,76,historico,119089188.0
2025-02-01,Medellín,1,80,historico,261476803.96
2025-02-01,Medellín,1,E,historico,633498145.54
2025-02-01,Bogotá,2,0605,historico,254708449.76
2025-02-01,Bogotá,2,07,historico,2318762517.44
2025-02-01,Bogotá,2,1301,historico,305924727.0
2025-02-01,Bogotá,2,14,historico,158186772.6
2025-02-01,Bogotá,2,15,historico,394762992.26
2025-02-01,Bogotá,2,1725,historico,322784206.0
2025-02-01,Bogotá,2,25,historico,895374611.62
2025-02-01,Bogotá,2,76,historico,165015380.96
2025-02-01,Bogotá,2,80,historico,258866932.4
2025-02-01,Bogotá,2,E,historico,344284238.4
2025-02-01,Cali,3,0605,historico,85952433.0
2025-02-01,Cali,3,07,historico,417570779.8
2025-02-01,Cali,3,1301,historico,67098962.46
2025-02-01,Cali,3,14,historico,79840348.31
2025-02-01,Cali,3,15,historico,142511609.0
2025-02-01,Cali,3,1725,historico,147766134.0
2025-02-01,Cali,3,25,historico,274041887.7
2025-02-01,Cali,3,76,historico,112966571.0
2025-02-01,Cali,3,80,historico,206206070.0
2025-02-01,Cali,3,E,historico,374801376.6
2025-02-01,Barranquilla,4,0605,historico,58479865.0
2025-02-01,Barranquilla,4,07,historico,441818753.8
2025-02-01,Barranquilla,4,1301,historico,50059004.0
2025-02-01,Barranquilla,4,14,historico,75557965.0
2025-02-01,Barranquilla,4,15,historico,248406597.3
2025-02-01,Barranquilla,4,1725,historico,55752599.0
2025-02-01,Barranquilla,4,25,historico,418907987.0
2025-02-01,Barranquilla,4,76,historico,38242846.0
2025-02-01,Barranquilla,4,80,historico,112264047.0
2025-02-01,Barranquilla,4,E,historico,274797362.36
2025-02-01,Cartagena,5,0605,historico,50969317.0
2025-02-01,Cartagena,5,07,historico,539376904.0
2025-02-01,Cartagena,5,1301,historico,52651166.0
2025-02-01,Cartagena,5,14,historico,23448965.0
2025-02-01,Cartagena,5,15,historico,96626914.45
2025-02-01,Cartagena,5,1725,historico,178923288.0
2025-02-01,Cartagena,5,25,historico,221345768.4
2025-02-01,Cartagena,5,76,historico,99969224.8
2025-02-01,Cartagena,5,80,historico,103047309.3
2025-02-01,Cartagena,5,E,historico,138882399.9
2025-03-01,Medellín,1,0605,historico,146526501.0
2025-03-01,Medellín,1,07,historico,1976317472.28
2025-03-01,Medellín,1,1301,historico,313483044.0
2025-03-01,Medellín,1,14,historico,88507742.5
2025-03-01,Medellín,1,15,historico,299650772.05
2025-03-01,Medellín,1,1725,historico,541565031.0
2025-03-01,Medellín,1,25,historico,632210111.0
2025-03-01,Medellín,1,76,historico,181690402.0
2025-03-01,Medellín,1,80,historico,273504207.3
2025-03-01,Medellín,1,E,historico,807248908.24
2025-03-01,Bogotá,2,0605,historico,273585745.36
2025-03-01,Bogotá,2,07,historico,2112291279.2
2025-03-01,Bogotá,2,1301,historico,179254870.0
2025-03-01,Bogotá,2,14,historico,216790662.65
2025-03-01,Bogotá,2,15,historico,435410359.96
2025-03-01,Bogotá,2,1725,historico,356048833.0
2025-03-01,Bogotá,2,25,historico,1089142745.24
2025-03-01,Bogotá,2,76,historico,155381252.08
2025-03-01,Bogotá,2,80,historico,313192936.0
2025-03-01,Bogotá,2,E,historico,446111845.09
2025-03-01,Cali,3,0605,historico,120139927.0
2025-03-01,Cali,3,07,historico,479657215.9
2025-03-01,Cali,3,1301,historico,61730710.1
2025-03-01,Cali,3,14,historico,33057875.59
2025-03-01,Cali,3,15,historico,136572232.0
2025-03-01,Cali,3,1725,historico,407917377.0
2025-03-01,Cali,3,25,historico,263539001.31
2025-03-01,Cali,3,76,historico,150146340.5
2025-03-01,Cali,3,80,historico,236152338.0
2025-03-01,Cali,3,E,historico,227911166.1
2025-03-01,Barranquilla,4,0605,historico,33215056.8
2025-03-01,Barranquilla,4,07,historico,416700104.4
2025-03-01,Barranquilla,4,1301,historico,78864350.0
2025-03-01,Barranquilla,4,14,historico,52955748.5
2025-03-01,Barranquilla,4,15,historico,220340851.0
2025-03-01,Barranquilla,4,1725,historico,85377783.0
2025-03-01,Barranquilla,4,25,historico,331086419.0
2025-03-01,Barranquilla,4,76,historico,38658608.0
2025-03-01,Barranquilla,4,80,historico,114444432.0
2025-03-01,Barranquilla,4,E,historico,788755322.48
2025-03-01,Cartagena,5,0605,historico,37551350.0
2025-03-01,Cartagena,5,07,historico,595180758.1
2025-03-01,Cartagena,5,1301,historico,39957700.0
2025-03-01,Cartagena,5,14,historico,14131730.0
2025-03-01,Cartagena,5,15,historico,113837506.9
2025-03-01,Cartagena,5,1725,historico,201709380.0
2025-03-01,Cartagena,5,25,historico,229289254.08
2025-03-01,Cartagena,5,76,historico,102175245.89
2025-03-01,Cartagena,5,80,historico,74201450.0
2025-03-01,Cartagena,5,E,historico,106869009.56
2025-04-01,Medellín,1,0605,historico,166817616.0
2025-04-01,Medellín,1,07,historico,1150840634.18
2025-04-01,Medellín,1,1301,historico,193730496.7
2025-04-01,Medellín,1,14,historico,84915949.0
2025-04-01,Medellín,1,15,historico,319368458.3
2025-04-01,Medellín,1,1725,historico,361096371.0
2025-04-01,Medellín,1,25,historico,814156688.0
2025-04-01,Medellín,1,76,historico,163089454.0
2025-04-01,Medellín,1,80,historico,317072873.4
2025-04-01,Medellín,1,E,historico,653992988.02
2025-04-01,Bogotá,2,0605,historico,244065344.8
2025-04-01,Bogotá,2,07,historico,1812997789.55
2025-04-01,Bogotá,2,1301,historico,195657188.0
2025-04-01,Bogotá,2,14,historico,150555840.86
2025-04-01,Bogotá,2,15,historico,387408849.76
2025-04-01,Bogotá,2,1725,historico,399751861.0
2025-04-01,Bogotá,2,25,historico,1009873292.46
2025-04-01,Bogotá,2,76,historico,207609010.9
2025-04-01,Bogotá,2,80,historico,323338790.15999997
2025-04-01,Bogotá,2,E,historico,350848548.9
2025-04-01,Cali,3,0605,historico,106602956.0
2025-04-01,Cali,3,07,historico,430544666.93
2025-04-01,Cali,3,1301,historico,58093959.7
2025-04-01,Cali,3,14,historico,74149619.0
2025-04-01,Cali,3,15,historico,102106753.2
2025-04-01,Cali,3,1725,historico,285948470.0
2025-04-01,Cali,3,25,historico,213830494.12
2025-04-01,Cali,3,76,historico,101310630.0
2025-04-01,Cali,3,80,historico,229397581.0
2025-04-01,Cali,3,E,historico,301301986.4
2025-04-01,Barranquilla,4,0605,historico,36824516.0
2025-04-01,Barranquilla,4,07,historico,377683589.84
2025-04-01,Barranquilla,4,1301,historico,21433904.0
2025-04-01,Barranquilla,4,14,historico,93534729.0
2025-04-01,Barranquilla,4,15,historico,273683749.1
2025-04-01,Barranquilla,4,1725,historico,87960464.0
2025-04-01,Barranquilla,4,25,historico,453704676.0
2025-04-01,Barranquilla,4,76,historico,66775461.0
2025-04-01,Barranquilla,4,80,historico,108943842.0
2025-04-01,Barranquilla,4,E,historico,643571333.73
2025-04-01,Cartagena,5,0605,historico,43757279.0
2025-04-01,Cartagena,5,07,historico,569609017.7
2025-04-01,Cartagena,5,1301,historico,92806188.0
2025-04-01,Cartagena,5,14,historico,32217726.0
2025-04-01,Cartagena,5,15,historico,100829735.8
2025-04-01,Cartagena,5,1725,historico,147156910.0
2025-04-01,Cartagena,5,25,historico,302421426.0
2025-04-01,Cartagena,5,76,historico,81374139.1
2025-04-01,Cartagena,5,80,historico,102068431.0
2025-04-01,Cartagena,5,E,historico,123078904.49
2025-05-01,Medellín,1,0605,historico,163655391.0
2025-05-01,Medellín,1,07,historico,1408972683.06
2025-05-01,Medellín,1,1301,historico,255513934.0
2025-05-01,Medellín,1,14,historico,186069705.0
2025-05-01,Medellín,1,15,historico,406931547.8
2025-05-01,Medellín,1,1725,historico,393704111.0
2025-05-01,Medellín,1,25,historico,1075986983.0
2025-05-01,Medellín,1,76,historico,242099053.57999998
2025-05-01,Medellín,1,80,historico,316627026.9
2025-05-01,Medellín,1,E,historico,643382242.36
2025-05-01,Bogotá,2,0605,historico,321053917.76
2025-05-01,Bogotá,2,07,historico,1882870633.11
2025-05-01,Bogotá,2,1301,historico,302312611.0
2025-05-01,Bogotá,2,14,historico,184695710.2
2025-05-01,Bogotá,2,15,historico,485729371.26
2025-05-01,Bogotá,2,1725,historico,339649430.0
2025-05-01,Bogotá,2,25,historico,974202704.62
2025-05-01,Bogotá,2,76,historico,191585507.0
2025-05-01,Bogotá,2,80,historico,326076515.23
2025-05-01,Bogotá,2,E,historico,478848261.09
2025-05-01,Cali,3,0605,historico,103009375.0
2025-05-01,Cali,3,07,historico,438410380.46
2025-05-01,Cali,3,1301,historico,91800018.84
2025-05-01,Cali,3,14,historico,86110694.33
2025-05-01,Cali,3,15,historico,141226204.0
2025-05-01,Cali,3,1725,historico,140481674.0
2025-05-01,Cali,3,25,historico,246699856.16
2025-05-01,Cali,3,76,historico,125288580.5
2025-05-01,Cali,3,80,historico,312786082.0
2025-05-01,Cali,3,E,historico,296385503.45
2025-05-01,Barranquilla,4,0605,historico,44849901.25
2025-05-01,Barranquilla,4,07,historico,336157440.69
2025-05-01,Barranquilla,4,1301,historico,43669622.0
2025-05-01,Barranquilla,4,14,historico,80446300.0
2025-05-01,Barranquilla,4,15,historico,267335913.0
2025-05-01,Barranquilla,4,1725,historico,123545308.0
2025-05-01,Barranquilla,4,25,historico,647300170.0
2025-05-01,Barranquilla,4,76,historico,52662975.0
2025-05-01,Barranquilla,4,80,historico,265889149.0
2025-05-01,Barranquilla,4,E,historico,497665032.55
2025-05-01,Cartagena,5,0605,historico,43757466.0
2025-05-01,Cartagena,5,07,historico,480303571.23
2025-05-01,Cartagena,5,1301,historico,82256899.0
2025-05-01,Cartagena,5,14,historico,22346418.0
2025-05-01,Cartagena,5,15,historico,112840445.9
2025-05-01,Cartagena,5,1725,historico,120857472.0
2025-05-01,Cartagena,5,25,historico,217227729.0
2025-05-01,Cartagena,5,76,historico,89912074.0
2025-05-01,Cartagena,5,80,historico,103634290.0
2025-05-01,Cartagena,5,E,historico,115505463.79
2025-06-01,Medellín,1,0605,historico,196307708.0
2025-06-01,Medellín,1,07,historico,1255768520.37
2025-06-01,Medellín,1,1301,historico,265172720.0
2025-06-01,Medellín,1,14,historico,176932911.0
2025-06-01,Medellín,1,15,historico,299457349.8
2025-06-01,Medellín,1,1725,historico,225982754.0
2025-06-01,Medellín,1,25,historico,754553165.0
2025-06-01,Medellín,1,76,historico,114771144.0
2025-06-01,Medellín,1,80,historico,291611440.24
2025-06-01,Medellín,1,E,historico,770293447.47
2025-06-01,Bogotá,2,0605,historico,246128236.64
2025-06-01,Bogotá,2,07,historico,1841668252.3
2025-06-01,Bogotá,2,1301,historico,188924120.78
2025-06-01,Bogotá,2,14,historico,196852823.0
2025-06-01,Bogotá,2,15,historico,323246657.92
2025-06-01,Bogotá,2,1725,historico,238488788.0
2025-06-01,Bogotá,2,25,historico,1095200238.74
2025-06-01,Bogotá,2,76,historico,141687135.0
2025-06-01,Bogotá,2,80,historico,270837799.41
2025-06-01,Bogotá,2,E,historico,335371079.85
2025-06-01,Cali,3,0605,historico,115542296.0
2025-06-01,Cali,3,07,historico,505484312.9
2025-06-01,Cali,3,1301,historico,79715337.0
2025-06-01,Cali,3,14,historico,64479624.0
2025-06-01,Cali,3,15,historico,137519868.0
2025-06-01,Cali,3,1725,historico,200731092.0
2025-06-01,Cali,3,25,historico,202995744.6
2025-06-01,Cali,3,76,historico,109223778.0
2025-06-01,Cali,3,80,historico,214514333.0
2025-06-01,Cali,3,E,historico,489843133.46
2025-06-01,Barranquilla,4,0605,historico,31868583.0
2025-06-01,Barranquilla,4,07,historico,459557186.52
2025-06-01,Barranquilla,4,1301,historico,90930046.0
2025-06-01,Barranquilla,4,14,historico,82999940.0
2025-06-01,Barranquilla,4,15,historico,193847931.0
2025-06-01,Barranquilla,4,1725,historico,43140412.0
2025-06-01,Barranquilla,4,25,historico,330699315.0
2025-06-01,Barranquilla,4,76,historico,38930595.0
2025-06-01,Barranquilla,4,80,historico,122108724.0
2025-06-01,Barranquilla,4,E,historico,533056721.38
2025-06-01,Cartagena,5,0605,historico,47524966.0
2025-06-01,Cartagena,5,07,historico,580742456.74
2025-06-01,Cartagena,5,1301,historico,46079727.0
2025-06-01,Cartagena,5,14,historico,23166345.0
2025-06-01,Cartagena,5,15,historico,120112046.8
2025-06-01,Cartagena,5,1725,historico,140605715.0
2025-06-01,Cartagena,5,25,historico,256483842.6
2025-06-01,Cartagena,5,76,historico,62253592.0
2025-06-01,Cartagena,5,80,historico,112677501.4
2025-06-01,Cartagena,5,E,historico,138697532.67
2025-07-01,Medellín,1,0605,historico,207918506.0
2025-07-01,Medellín,1,07,historico,1527269638.85
2025-07-01,Medellín,1,1301,historico,316178400.58
2025-07-01,Medellín,1,14,historico,88584310.19
2025-07-01,Medellín,1,15,historico,425501667.0
2025-07-01,Medellín,1,1725,historico,348786206.0
2025-07-01,Medellín,1,25,historico,907163795.57
2025-07-01,Medellín,1,76,historico,183437996.06
2025-07-01,Medellín,1,80,historico,427601400.28
2025-07-01,Medellín,1,E,historico,722206388.2
2025-07-01,Bogotá,2,0605,historico,315548933.52
2025-07-01,Bogotá,2,07,historico,2225703379.06
2025-07-01,Bogotá,2,1301,historico,250056873.02
2025-07-01,Bogotá,2,14,historico,181653093.01
2025-07-01,Bogotá,2,15,historico,539698752.0
2025-07-01,Bogotá,2,1725,historico,508157923.0
2025-07-01,Bogotá,2,25,historico,1145499416.38
2025-07-01,Bogotá,2,76,historico,216713471.0
2025-07-01,Bogotá,2,80,historico,389036868.91
2025-07-01,Bogotá,2,E,historico,594963479.55
2025-07-01,Cali,3,0605,historico,109750140.25
2025-07-01,Cali,3,07,historico,749314636.71
2025-07-01,Cali,3,1301,historico,169392158.4
2025-07-01,Cali,3,14,historico,66469148.0
2025-07-01,Cali,3,15,historico,102992475.2
2025-07-01,Cali,3,1725,historico,374950566.0
2025-07-01,Cali,3,25,historico,249507870.0
2025-07-01,Cali,3,76,historico,141893594.0
2025-07-01,Cali,3,80,historico,230784888.0
2025-07-01,Cali,3,E,historico,274554778.84
2025-07-01,Barranquilla,4,0605,historico,47025848.0
2025-07-01,Barranquilla,4,07,historico,388070620.0
2025-07-01,Barranquilla,4,1301,historico,130149828.0
2025-07-01,Barranquilla,4,14,historico,106357607.0
2025-07-01,Barranquilla,4,15,historico,302111503.5
2025-07-01,Barranquilla,4,1725,historico,108004225.0
2025-07-01,Barranquilla,4,25,historico,423460273.0
2025-07-01,Barranquilla,4,76,historico,58392753.0
2025-07-01,Barranquilla,4,80,historico,163162821.0
2025-07-01,Barranquilla,4,E,historico,668264848.66
2025-07-01,Cartagena,5,0605,historico,36744934.0
2025-07-01,Cartagena,5,07,historico,537277957.88
2025-07-01,Cartagena,5,1301,historico,75686036.0
2025-07-01,Cartagena,5,14,historico,32153391.0
2025-07-01,Cartagena,5,15,historico,124261826.8
2025-07-01,Cartagena,5,1725,historico,215823020.0
2025-07-01,Cartagena,5,25,historico,230276993.8
2025-07-01,Cartagena,5,76,historico,106648029.15
2025-07-01,Cartagena,5,80,historico,142678198.28
2025-07-01,Cartagena,5,E,historico,247252206.97
2025-08-01,Medellín,1,0605,historico,187995985.0
2025-08-01,Medellín,1,07,historico,1443702945.08
2025-08-01,Medellín,1,1301,historico,122585989.0
2025-08-01,Medellín,1,14,historico,125414101.0
2025-08-01,Medellín,1,15,historico,316218680.0
2025-08-01,Medellín,1,1725,historico,306123256.0
2025-08-01,Medellín,1,25,historico,1428680401.04
2025-08-01,Medellín,1,76,historico,101843557.0
2025-08-01,Medellín,1,80,historico,380851540.22
2025-08-01,Medellín,1,E,historico,804249054.85
2025-08-01,Bogotá,2,0605,historico,309552253.88
2025-08-01,Bogotá,2,07,historico,2273224317.43
2025-08-01,Bogotá,2,1301,historico,177857928.0
2025-08-01,Bogotá,2,14,historico,195643447.0
2025-08-01,Bogotá,2,15,historico,366517721.0
2025-08-01,Bogotá,2,1725,historico,402717567.0
2025-08-01,Bogotá,2,25,historico,1054163090.72
2025-08-01,Bogotá,2,76,historico,132923937.0
2025-08-01,Bogotá,2,80,historico,267757026.47
2025-08-01,Bogotá,2,E,historico,421695761.53
2025-08-01,Cali,3,0605,historico,95762697.0
2025-08-01,Cali,3,07,historico,661500443.83
2025-08-01,Cali,3,1301,historico,106179297.0
2025-08-01,Cali,3,14,historico,81458135.1
2025-08-01,Cali,3,15,historico,146872455.0
2025-08-01,Cali,3,1725,historico,184096644.0
2025-08-01,Cali,3,25,historico,270892270.0
2025-08-01,Cali,3,76,historico,116122026.0
2025-08-01,Cali,3,80,historico,210258466.0
2025-08-01,Cali,3,E,historico,250735915.75
2025-08-01,Barranquilla,4,0605,historico,37478816.5
2025-08-01,Barranquilla,4,07,historico,500878151.65999997
2025-08-01,Barranquilla,4,1301,historico,31847431.0
2025-08-01,Barranquilla,4,14,historico,106507980.0
2025-08-01,Barranquilla,4,15,historico,217558769.0
2025-08-01,Barranquilla,4,1725,historico,64921465.0
2025-08-01,Barranquilla,4,25,historico,480848670.0
2025-08-01,Barranquilla,4,76,historico,63495258.0
2025-08-01,Barranquilla,4,80,historico,90305132.0
2025-08-01,Barranquilla,4,E,historico,609940744.87
2025-08-01,Cartagena,5,0605,historico,40590955.0
2025-08-01,Cartagena,5,07,historico,531531116.42
2025-08-01,Cartagena,5,1301,historico,44309580.0
2025-08-01,Cartagena,5,14,historico,35001672.0
2025-08-01,Cartagena,5,15,historico,98727930.6
2025-08-01,Cartagena,5,1725,historico,218055373.44
2025-08-01,Cartagena,5,25,historico,190805169.0
2025-08-01,Cartagena,5,76,historico,75384782.0
2025-08-01,Cartagena,5,80,historico,134042145.55
2025-08-01,Cartagena,5,E,historico,254331668.08
2025-09-01,Medellín,1,0605,historico,231875324.5
2025-09-01,Medellín,1,07,historico,1609708886.01
2025-09-01,Medellín,1,1301,historico,312398991.0
2025-09-01,Medellín,1,14,historico,64053320.0
2025-09-01,Medellín,1,15,historico,360050971.0
2025-09-01,Medellín,1,1725,historico,270579653.0
2025-09-01,Medellín,1,25,historico,672941869.15
2025-09-01,Medellín,1,76,historico,183474811.0
2025-09-01,Medellín,1,80,historico,430573279.85
2025-09-01,Medellín,1,E,historico,1107300288.26
2025-09-01,Bogotá,2,0605,historico,409509784.36
2025-09-01,Bogotá,2,07,historico,2557644056.27
2025-09-01,Bogotá,2,1301,historico,314499566.16
2025-09-01,Bogotá,2,14,historico,269492248.0
2025-09-01,Bogotá,2,15,historico,439362997.0
2025-09-01,Bogotá,2,1725,historico,343918636.0
2025-09-01,Bogotá,2,25,historico,1346048871.26
2025-09-01,Bogotá,2,76,historico,141997641.07
2025-09-01,Bogotá,2,80,historico,258228202.18
2025-09-01,Bogotá,2,E,historico,449631785.7
2025-09-01,Cali,3,0605,historico,131812273.5
2025-09-01,Cali,3,07,historico,535116635.92
2025-09-01,Cali,3,1301,historico,126805417.43
2025-09-01,Cali,3,14,historico,86715900.0
2025-09-01,Cali,3,15,historico,120783041.0
2025-09-01,Cali,3,1725,historico,172129888.0
2025-09-01,Cali,3,25,historico,229365735.0
2025-09-01,Cali,3,76,historico,158696652.4
2025-09-01,Cali,3,80,historico,301783921.71
2025-09-01,Cali,3,E,historico,439749056.51
2025-09-01,Barranquilla,4,0605,historico,41050085.5
2025-09-01,Barranquilla,4,07,historico,528937106.0
2025-09-01,Barranquilla,4,1301,historico,97727238.0
2025-09-01,Barranquilla,4,14,historico,119862382.0
2025-09-01,Barranquilla,4,15,historico,287522854.0
2025-09-01,Barranquilla,4,1725,historico,71244599.0
2025-09-01,Barranquilla,4,25,historico,449584337.0
2025-09-01,Barranquilla,4,76,historico,70948803.0
2025-09-01,Barranquilla,4,80,historico,150355931.0
2025-09-01,Barranquilla,4,E,historico,945246329.8
2025-09-01,Cartagena,5,0605,historico,50940774.0
2025-09-01,Cartagena,5,07,historico,674133024.44
2025-09-01,Cartagena,5,1301,historico,63918099.0
2025-09-01,Cartagena,5,14,historico,16407056.0
2025-09-01,Cartagena,5,15,historico,125480305.8
2025-09-01,Cartagena,5,1725,historico,168090662.44
2025-09-01,Cartagena,5,25,historico,214800172.4
2025-09-01,Cartagena,5,76,historico,58817545.65
2025-09-01,Cartagena,5,80,historico,71560892.0
2025-09-01,Cartagena,5,E,historico,60534504.46
2025-10-01,Medellín,1,0605,historico,250499488.5
2025-10-01,Medellín,1,07,historico,1646234079.56
2025-10-01,Medellín,1,1301,historico,283210043.5
2025-10-01,Medellín,1,14,historico,194471365.0
2025-10-01,Medellín,1,15,historico,304778829.22
2025-10-01,Medellín,1,1725,historico,252765419.0
2025-10-01,Medellín,1,25,historico,1076689965.4
2025-10-01,Medellín,1,76,historico,184452158.0
2025-10-01,Medellín,1,80,historico,344045415.51
2025-10-01,Medellín,1,E,historico,868446707.97
2025-10-01,Bogotá,2,0605,historico,330220766.78
2025-10-01,Bogotá,2,07,historico,2286186030.67
2025-10-01,Bogotá,2,1301,historico,264286343.0
2025-10-01,Bogotá,2,14,historico,263045712.0
2025-10-01,Bogotá,2,15,historico,435977628.0
2025-10-01,Bogotá,2,1725,historico,486912435.0
2025-10-01,Bogotá,2,25,historico,1133130878.46
2025-10-01,Bogotá,2,76,historico,194085176.0
2025-10-01,Bogotá,2,80,historico,249848903.91
2025-10-01,Bogotá,2,E,historico,405742991.46
2025-10-01,Cali,3,0605,historico,116925222.0
2025-10-01,Cali,3,07,historico,538606631.0
2025-10-01,Cali,3,1301,historico,91129817.0
2025-10-01,Cali,3,14,historico,77193472.0
2025-10-01,Cali,3,15,historico,120129422.0
2025-10-01,Cali,3,1725,historico,107278989.0
2025-10-01,Cali,3,25,historico,261220106.5
2025-10-01,Cali,3,76,historico,152663120.9
2025-10-01,Cali,3,80,historico,245388077.66
2025-10-01,Cali,3,E,historico,359939619.21
2025-10-01,Barranquilla,4,0605,historico,46438808.0
2025-10-01,Barranquilla,4,07,historico,424124351.67
2025-10-01,Barranquilla,4,1301,historico,300856377.0
2025-10-01,Barranquilla,4,14,historico,302839751.0
2025-10-01,Barranquilla,4,15,historico,246784396.0
2025-10-01,Barranquilla,4,1725,historico,41577122.0
2025-10-01,Barranquilla,4,25,historico,449493047.0
2025-10-01,Barranquilla,4,76,historico,94398374.0
2025-10-01,Barranquilla,4,80,historico,159208598.47
2025-10-01,Barranquilla,4,E,historico,493039917.95
2025-10-01,Cartagena,5,0605,historico,53168610.75
2025-10-01,Cartagena,5,07,historico,611952066.41
2025-10-01,Cartagena,5,1301,historico,55265766.0
2025-10-01,Cartagena,5,14,historico,107112336.0
2025-10-01,Cartagena,5,15,historico,147547440.0
2025-10-01,Cartagena,5,1725,historico,177657608.0
2025-10-01,Cartagena,5,25,historico,191460140.8
2025-10-01,Cartagena,5,76,historico,67012457.0
2025-10-01,Cartagena,5,80,historico,129264571.56
2025-10-01,Cartagena,5,E,historico,242661406.44
2025-11-01,Medellín,1,0605,historico,152459631.5
2025-11-01,Medellín,1,07,historico,1453384522.75
2025-11-01,Medellín,1,1301,historico,179463652.0
2025-11-01,Medellín,1,14,historico,74891206.0
2025-11-01,Medellín,1,15,historico,281834216.2
2025-11-01,Medellín,1,1725,historico,325373176.0
2025-11-01,Medellín,1,25,historico,748229334.95
2025-11-01,Medellín,1,76,historico,147832243.0
2025-11-01,Medellín,1,80,historico,295536741.89
2025-11-01,Medellín,1,E,historico,801971820.84
2025-11-01,Bogotá,2,0605,historico,329374212.78
2025-11-01,Bogotá,2,07,historico,2394065137.87
2025-11-01,Bogotá,2,1301,historico,193457271.0
2025-11-01,Bogotá,2,14,historico,267423435.0
2025-11-01,Bogotá,2,15,historico,434974674.0
2025-11-01,Bogotá,2,1725,historico,351227996.0
2025-11-01,Bogotá,2,25,historico,1254099567.99
2025-11-01,Bogotá,2,76,historico,137765411.72
2025-11-01,Bogotá,2,80,historico,331645088.0
2025-11-01,Bogotá,2,E,historico,311853583.05
2025-11-01,Cali,3,0605,historico,129603803.0
2025-11-01,Cali,3,07,historico,883116473.6800001
2025-11-01,Cali,3,1301,historico,152654923.0
2025-11-01,Cali,3,14,historico,184520353.0
2025-11-01,Cali,3,15,historico,144489689.5
2025-11-01,Cali,3,1725,historico,428800444.0
2025-11-01,Cali,3,25,historico,237552912.0
2025-11-01,Cali,3,76,historico,101594653.0
2025-11-01,Cali,3,80,historico,230477893.56
2025-11-01,Cali,3,E,historico,299123787.56
2025-11-01,Barranquilla,4,0605,historico,23272068.5
2025-11-01,Barranquilla,4,07,historico,473456309.32
2025-11-01,Barranquilla,4,1301,historico,41519038.16
2025-11-01,Barranquilla,4,14,historico,80286618.0
2025-11-01,Barranquilla,4,15,historico,283399640.84000003
2025-11-01,Barranquilla,4,1725,historico,52931093.0
2025-11-01,Barranquilla,4,25,historico,486466612.0
2025-11-01,Barranquilla,4,76,historico,47339745.0
2025-11-01,Barranquilla,4,80,historico,122394604.0
2025-11-01,Barranquilla,4,E,historico,817935499.16
2025-11-01,Cartagena,5,0605,historico,50149889.2
2025-11-01,Cartagena,5,07,historico,626542282.86
2025-11-01,Cartagena,5,1301,historico,61901824.0
2025-11-01,Cartagena,5,14,historico,26287320.0
2025-11-01,Cartagena,5,15,historico,156638681.0
2025-11-01,Cartagena,5,1725,historico,155822973.0
2025-11-01,Cartagena,5,25,historico,204121120.0
2025-11-01,Cartagena,5,76,historico,68188388.0
2025-11-01,Cartagena,5,80,historico,112100020.0
2025-11-01,Cartagena,5,E,historico,292884514.98
2025-12-01,Medellín,1,0605,historico,250465279.5
2025-12-01,Medellín,1,07,historico,2311606524.47
2025-12-01,Medellín,1,1301,historico,293743037.0
2025-12-01,Medellín,1,14,historico,85780874.0
2025-12-01,Medellín,1,15,historico,397773268.0
2025-12-01,Medellín,1,1725,historico,356393587.2
2025-12-01,Medellín,1,25,historico,859289754.28
2025-12-01,Medellín,1,76,historico,153930225.0
2025-12-01,Medellín,1,80,historico,613163649.56
2025-12-01,Medellín,1,E,historico,646395962.25
2025-12-01,Bogotá,2,0605,historico,313627443.58
2025-12-01,Bogotá,2,07,historico,2218345752.81
2025-12-01,Bogotá,2,1301,historico,429536888.8
2025-12-01,Bogotá,2,14,historico,186822104.0
2025-12-01,Bogotá,2,15,historico,473806399.77
2025-12-01,Bogotá,2,1725,historico,547003922.02
2025-12-01,Bogotá,2,25,historico,1398757053.52
2025-12-01,Bogotá,2,76,historico,146963910.72
2025-12-01,Bogotá,2,80,historico,275632102.78
2025-12-01,Bogotá,2,E,historico,312453235.0
2025-12-01,Cali,3,0605,historico,107179384.5
2025-12-01,Cali,3,07,historico,746651424.34
2025-12-01,Cali,3,1301,historico,140275083.0
2025-12-01,Cali,3,14,historico,77753413.0
2025-12-01,Cali,3,15,historico,140265802.0
2025-12-01,Cali,3,1725,historico,157159291.0
2025-12-01,Cali,3,25,historico,372025425.0
2025-12-01,Cali,3,76,historico,132220626.0
2025-12-01,Cali,3,80,historico,174066067.8
2025-12-01,Cali,3,E,historico,249443074.88
2025-12-01,Barranquilla,4,0605,historico,52194095.0
2025-12-01,Barranquilla,4,07,historico,436380962.22
2025-12-01,Barranquilla,4,1301,historico,47191126.0
2025-12-01,Barranquilla,4,14,historico,83430554.0
2025-12-01,Barranquilla,4,15,historico,134214847.5
2025-12-01,Barranquilla,4,1725,historico,57726597.0
2025-12-01,Barranquilla,4,25,historico,305453296.0
2025-12-01,Barranquilla,4,76,historico,51713649.0
2025-12-01,Barranquilla,4,80,historico,90636560.0
2025-12-01,Barranquilla,4,E,historico,705121862.67
2025-12-01,Cartagena,5,0605,historico,43399622.0
2025-12-01,Cartagena,5,07,historico,701575264.23
2025-12-01,Cartagena,5,1301,historico,135158571.0
2025-12-01,Cartagena,5,14,historico,19105780.0
2025-12-01,Cartagena,5,15,historico,141482594.0
2025-12-01,Cartagena,5,1725,historico,224658882.0
2025-12-01,Cartagena,5,25,historico,205602873.0
2025-12-01,Cartagena,5,76,historico,65428313.379999995
2025-12-01,Cartagena,5,80,historico,150481041.57
2025-12-01,Cartagena,5,E,historico,98218117.44
2026-01-01,Medellín,1,0605,historico,154747348.0
2026-01-01,Medellín,1,07,historico,1642059846.96
2026-01-01,Medellín,1,1301,historico,150994962.0
2026-01-01,Medellín,1,14,historico,54203604.0
2026-01-01,Medellín,1,15,historico,306035811.0
2026-01-01,Medellín,1,1725,historico,271010969.0
2026-01-01,Medellín,1,25,historico,707670444.39
2026-01-01,Medellín,1,76,historico,110367680.0
2026-01-01,Medellín,1,80,historico,397024771.0
2026-01-01,Medellín,1,E,historico,464673445.68
2026-01-01,Bogotá,2,0605,historico,215009080.74
2026-01-01,Bogotá,2,07,historico,1722188249.7
2026-01-01,Bogotá,2,1301,historico,158741677.0
2026-01-01,Bogotá,2,14,historico,230032181.0
2026-01-01,Bogotá,2,15,historico,456144172.0
2026-01-01,Bogotá,2,1725,historico,246965165.0
2026-01-01,Bogotá,2,25,historico,1071581428.5
2026-01-01,Bogotá,2,76,historico,116899603.52
2026-01-01,Bogotá,2,80,historico,244548768.0
2026-01-01,Bogotá,2,E,historico,349916548.9
2026-01-01,Cali,3,0605,historico,89224274.5
2026-01-01,Cali,3,07,historico,483142674.0
2026-01-01,Cali,3,1301,historico,57377399.0
2026-01-01,Cali,3,14,historico,58071172.0
2026-01-01,Cali,3,15,historico,116920286.0
2026-01-01,Cali,3,1725,historico,102129083.0
2026-01-01,Cali,3,25,historico,228756075.0
2026-01-01,Cali,3,76,historico,101173424.0
2026-01-01,Cali,3,80,historico,179773859.04
2026-01-01,Cali,3,E,historico,308509320.28
2026-01-01,Barranquilla,4,0605,historico,43552422.0
2026-01-01,Barranquilla,4,07,historico,420892108.22
2026-01-01,Barranquilla,4,1301,historico,73982956.31
2026-01-01,Barranquilla,4,14,historico,67955649.0
2026-01-01,Barranquilla,4,15,historico,295637979.06
2026-01-01,Barranquilla,4,1725,historico,75032352.0
2026-01-01,Barranquilla,4,25,historico,473749828.0
2026-01-01,Barranquilla,4,76,historico,57456954.0
2026-01-01,Barranquilla,4,80,historico,140775047.0
2026-01-01,Barranquilla,4,E,historico,459019959.29
2026-01-01,Cartagena,5,0605,historico,66512112.5
2026-01-01,Cartagena,5,07,historico,850488783.66
2026-01-01,Cartagena,5,1301,historico,181168238.02
2026-01-01,Cartagena,5,14,historico,39486052.0
2026-01-01,Cartagena,5,15,historico,139322983.68
2026-01-01,Cartagena,5,1725,historico,189526423.0
2026-01-01,Cartagena,5,25,historico,199706062.0
2026-01-01,Cartagena,5,76,historico,77844596.96
2026-01-01,Cartagena,5,80,historico,121705736.57
2026-01-01,Cartagena,5,E,historico,119648550.73
2026-02-01,Medellín,1,0605,historico,204619575.0
2026-02-01,Medellín,1,07,historico,1638732135.57
2026-02-01,Medellín,1,1301,historico,271822683.0
2026-02-01,Medellín,1,14,historico,69939087.0
2026-02-01,Medellín,1,15,historico,302469229.0
2026-02-01,Medellín,1,1725,historico,309992837.4
2026-02-01,Medellín,1,25,historico,746384071.0
2026-02-01,Medellín,1,76,historico,164515073.75
2026-02-01,Medellín,1,80,historico,312706056.0
2026-02-01,Medellín,1,E,historico,580368307.04
2026-02-01,Bogotá,2,0605,historico,311105169.3
2026-02-01,Bogotá,2,07,historico,2197700677.76
2026-02-01,Bogotá,2,1301,historico,175658434.0
2026-02-01,Bogotá,2,14,historico,314703079.2
2026-02-01,Bogotá,2,15,historico,368538095.0
2026-02-01,Bogotá,2,1725,historico,431487039.0
2026-02-01,Bogotá,2,25,historico,1306197806.66
2026-02-01,Bogotá,2,76,historico,129920068.46000001
2026-02-01,Bogotá,2,80,historico,281150634.0
2026-02-01,Bogotá,2,E,historico,471183720.58
2026-02-01,Cali,3,0605,historico,126233129.0
2026-02-01,Cali,3,07,historico,674055468.0
2026-02-01,Cali,3,1301,historico,33543289.0
2026-02-01,Cali,3,14,historico,122361733.0
2026-02-01,Cali,3,15,historico,106071777.0
2026-02-01,Cali,3,1725,historico,150698446.57
2026-02-01,Cali,3,25,historico,285856601.0
2026-02-01,Cali,3,76,historico,104901899.5
2026-02-01,Cali,3,80,historico,224089093.16
2026-02-01,Cali,3,E,historico,365446242.41
2026-02-01,Barranquilla,4,0605,historico,26075559.0
2026-02-01,Barranquilla,4,07,historico,363272183.08
2026-02-01,Barranquilla,4,1301,historico,54833916.54
2026-02-01,Barranquilla,4,14,historico,67494375.0
2026-02-01,Barranquilla,4,15,historico,162114544.0
2026-02-01,Barranquilla,4,1725,historico,71732001.53
2026-02-01,Barranquilla,4,25,historico,372864042.0
2026-02-01,Barranquilla,4,76,historico,46354737.7
2026-02-01,Barranquilla,4,80,historico,181690870.47
2026-02-01,Barranquilla,4,E,historico,439987429.05
2026-02-01,Cartagena,5,0605,historico,45807270.0
2026-02-01,Cartagena,5,07,historico,649614258.0
2026-02-01,Cartagena,5,1301,historico,314924695.0
2026-02-01,Cartagena,5,14,historico,31456077.0
2026-02-01,Cartagena,5,15,historico,88924801.0
2026-02-01,Cartagena,5,1725,historico,183809735.5
2026-02-01,Cartagena,5,25,historico,189003737.0
2026-02-01,Cartagena,5,76,historico,88457722.38
2026-02-01,Cartagena,5,80,historico,145595427.71
2026-02-01,Cartagena,5,E,historico,220417093.0
2026-03-01,Medellín,1,0605,historico,205167921.0
2026-03-01,Medellín,1,07,historico,1510913703.45
2026-03-01,Medellín,1,1301,historico,379387117.3
2026-03-01,Medellín,1,14,historico,77894386.0
2026-03-01,Medellín,1,15,historico,294853695.0
2026-03-01,Medellín,1,1725,historico,382190046.0
2026-03-01,Medellín,1,25,historico,793858843.0
2026-03-01,Medellín,1,76,historico,139432492.5
2026-03-01,Medellín,1,80,historico,402701958.28
2026-03-01,Medellín,1,E,historico,626080391.86
2026-03-01,Bogotá,2,0605,historico,298080870.32
2026-03-01,Bogotá,2,07,historico,2442962521.8
2026-03-01,Bogotá,2,1301,historico,233588376.1
2026-03-01,Bogotá,2,14,historico,153476339.0
2026-03-01,Bogotá,2,15,historico,405666358.0
2026-03-01,Bogotá,2,1725,historico,379241999.73
2026-03-01,Bogotá,2,25,historico,1355086771.21
2026-03-01,Bogotá,2,76,historico,141250767.9
2026-03-01,Bogotá,2,80,historico,333200042.0
2026-03-01,Bogotá,2,E,historico,275935249.2
2026-03-01,Cali,3,0605,historico,129900345.0
2026-03-01,Cali,3,07,historico,661822849.0
2026-03-01,Cali,3,1301,historico,80202484.0
2026-03-01,Cali,3,14,historico,85393263.0
2026-03-01,Cali,3,15,historico,102998429.0
2026-03-01,Cali,3,1725,historico,488713358.0
2026-03-01,Cali,3,25,historico,283267858.5
2026-03-01,Cali,3,76,historico,161919256.0
2026-03-01,Cali,3,80,historico,238323816.26
2026-03-01,Cali,3,E,historico,345858748.4
2026-03-01,Barranquilla,4,0605,historico,30172044.0
2026-03-01,Barranquilla,4,07,historico,438649198.0
2026-03-01,Barranquilla,4,1301,historico,60228644.0
2026-03-01,Barranquilla,4,14,historico,66429646.0
2026-03-01,Barranquilla,4,15,historico,233625124.8
2026-03-01,Barranquilla,4,1725,historico,83993090.0
2026-03-01,Barranquilla,4,25,historico,374876656.8
2026-03-01,Barranquilla,4,76,historico,50263038.0
2026-03-01,Barranquilla,4,80,historico,271299970.0
2026-03-01,Barranquilla,4,E,historico,591586758.28
2026-03-01,Cartagena,5,0605,historico,48233846.0
2026-03-01,Cartagena,5,07,historico,693486327.07
2026-03-01,Cartagena,5,1301,historico,71439183.0
2026-03-01,Cartagena,5,14,historico,12671123.0
2026-03-01,Cartagena,5,15,historico,155098078.0
2026-03-01,Cartagena,5,1725,historico,191338279.68
2026-03-01,Cartagena,5,25,historico,255220687.0
2026-03-01,Cartagena,5,76,historico,78247968.19
2026-03-01,Cartagena,5,80,historico,85514657.85
2026-03-01,Cartagena,5,E,historico,125830430.75
2026-04-01,Medellín,1,0605,historico,180541824.03
2026-04-01,Medellín,1,07,historico,1614539034.0
2026-04-01,Medellín,1,1301,historico,313934434.0
2026-04-01,Medellín,1,14,historico,165726892.0
2026-04-01,Medellín,1,15,historico,377858480.0
2026-04-01,Medellín,1,1725,historico,365049446.5
2026-04-01,Medellín,1,25,historico,876504825.0
2026-04-01,Medellín,1,76,historico,134993460.59
2026-04-01,Medellín,1,80,historico,344733577.0
2026-04-01,Medellín,1,E,historico,891186283.79
2026-04-01,Bogotá,2,0605,historico,266484933.56
2026-04-01,Bogotá,2,07,historico,2261758968.15
2026-04-01,Bogotá,2,1301,historico,157706681.9
2026-04-01,Bogotá,2,14,historico,213409242.0
2026-04-01,Bogotá,2,15,historico,388439844.0
2026-04-01,Bogotá,2,1725,historico,578730118.5
2026-04-01,Bogotá,2,25,historico,1068277817.24
2026-04-01,Bogotá,2,76,historico,196552528.24
2026-04-01,Bogotá,2,80,historico,271123642.0
2026-04-01,Bogotá,2,E,historico,638473429.97
2026-04-01,Cali,3,0605,historico,112717203.0
2026-04-01,Cali,3,07,historico,620987573.0
2026-04-01,Cali,3,1301,historico,83683818.0
2026-04-01,Cali,3,14,historico,123336040.0
2026-04-01,Cali,3,15,historico,134377388.0
2026-04-01,Cali,3,1725,historico,185580469.5
2026-04-01,Cali,3,25,historico,317158059.0
2026-04-01,Cali,3,76,historico,128983239.0
2026-04-01,Cali,3,80,historico,265503172.53
2026-04-01,Cali,3,E,historico,343287086.98
2026-04-01,Barranquilla,4,0605,historico,29671391.0
2026-04-01,Barranquilla,4,07,historico,414569976.0
2026-04-01,Barranquilla,4,1301,historico,128212425.77000001
2026-04-01,Barranquilla,4,14,historico,66375498.5
2026-04-01,Barranquilla,4,15,historico,203901310.75
2026-04-01,Barranquilla,4,1725,historico,137124227.0
2026-04-01,Barranquilla,4,25,historico,502125045.0
2026-04-01,Barranquilla,4,76,historico,68899522.0
2026-04-01,Barranquilla,4,80,historico,43466214.0
2026-04-01,Barranquilla,4,E,historico,604578868.4
2026-04-01,Cartagena,5,0605,historico,45121467.0
2026-04-01,Cartagena,5,07,historico,695270906.9
2026-04-01,Cartagena,5,1301,historico,100782525.0
2026-04-01,Cartagena,5,14,historico,29047850.0
2026-04-01,Cartagena,5,15,historico,138147372.0
2026-04-01,Cartagena,5,1725,historico,272287423.0
2026-04-01,Cartagena,5,25,historico,276844782.0
2026-04-01,Cartagena,5,76,historico,112256221.57
2026-04-01,Cartagena,5,80,historico,126968128.0
2026-04-01,Cartagena,5,E,historico,190221305.0
2026-05-01,Medellín,1,0605,proyeccion,228871504.7933859
2026-05-01,Medellín,1,07,proyeccion,1672938844.7537065
2026-05-01,Medellín,1,1301,proyeccion,291839901.0752629
2026-05-01,Medellín,1,14,proyeccion,117887016.42743805
2026-05-01,Medellín,1,15,proyeccion,338321432.6170267
2026-05-01,Medellín,1,1725,proyeccion,355460217.468834
2026-05-01,Medellín,1,25,proyeccion,848648756.6878887
2026-05-01,Medellín,1,76,proyeccion,169259833.92304724
2026-05-01,Medellín,1,80,proyeccion,385055028.6865378
2026-05-01,Medellín,1,E,proyeccion,692585476.3585031
2026-05-01,Bogotá,2,0605,proyeccion,318644327.75439817
2026-05-01,Bogotá,2,07,proyeccion,2288574176.129354
2026-05-01,Bogotá,2,1301,proyeccion,231024484.88329574
2026-05-01,Bogotá,2,14,proyeccion,226593397.21483082
2026-05-01,Bogotá,2,15,proyeccion,431059337.2498889
2026-05-01,Bogotá,2,1725,proyeccion,411638078.9959996
2026-05-01,Bogotá,2,25,proyeccion,1291814036.9629352
2026-05-01,Bogotá,2,76,proyeccion,166061456.20616323
2026-05-01,Bogotá,2,80,proyeccion,301886928.36159515
2026-05-01,Bogotá,2,E,proyeccion,383349946.3836818
2026-05-01,Cali,3,0605,proyeccion,125535752.39273104
2026-05-01,Cali,3,07,proyeccion,721815480.9947026
2026-05-01,Cali,3,1301,proyeccion,91580372.6142507
2026-05-01,Cali,3,14,proyeccion,112180161.52515934
2026-05-01,Cali,3,15,proyeccion,130853264.47128437
2026-05-01,Cali,3,1725,proyeccion,213418551.74799433
2026-05-01,Cali,3,25,proyeccion,298594379.1531747
2026-05-01,Cali,3,76,proyeccion,130980622.90337344
2026-05-01,Cali,3,80,proyeccion,258190840.82556736
2026-05-01,Cali,3,E,proyeccion,314095222.17903143
2026-05-01,Barranquilla,4,0605,proyeccion,36981287.18068731
2026-05-01,Barranquilla,4,07,proyeccion,448660121.72518504
2026-05-01,Barranquilla,4,1301,proyeccion,84554586.23198174
2026-05-01,Barranquilla,4,14,proyeccion,81638265.7672352
2026-05-01,Barranquilla,4,15,proyeccion,189553091.88845393
2026-05-01,Barranquilla,4,1725,proyeccion,105477343.88722666
2026-05-01,Barranquilla,4,25,proyeccion,434590793.98794687
2026-05-01,Barranquilla,4,76,proyeccion,52647669.61356917
2026-05-01,Barranquilla,4,80,proyeccion,195147105.93102387
2026-05-01,Barranquilla,4,E,proyeccion,596250899.4057503
2026-05-01,Cartagena,5,0605,proyeccion,48450375.508508645
2026-05-01,Cartagena,5,07,proyeccion,707680843.5048745
2026-05-01,Cartagena,5,1301,proyeccion,140963171.21290326
2026-05-01,Cartagena,5,14,proyeccion,33976505.12491682
2026-05-01,Cartagena,5,15,proyeccion,139174807.60943294
2026-05-01,Cartagena,5,1725,proyeccion,218911046.48360538
2026-05-01,Cartagena,5,25,proyeccion,233875368.9284112
2026-05-01,Cartagena,5,76,proyeccion,95981185.52718695
2026-05-01,Cartagena,5,80,proyeccion,111826410.11252415
2026-05-01,Cartagena,5,E,proyeccion,182677005.90924498
2026-06-01,Medellín,1,0605,proyeccion,226508619.68253908
2026-06-01,Medellín,1,07,proyeccion,1673257041.5373285
2026-06-01,Medellín,1,1301,proyeccion,299870179.092918
2026-06-01,Medellín,1,14,proyeccion,132224309.87249203
2026-06-01,Medellín,1,15,proyeccion,320784160.36265224
2026-06-01,Medellín,1,1725,proyeccion,331407702.21944934
2026-06-01,Medellín,1,25,proyeccion,863969205.3650098
2026-06-01,Medellín,1,76,proyeccion,155571475.31276676
2026-06-01,Medellín,1,80,proyeccion,398560738.7285194
2026-06-01,Medellín,1,E,proyeccion,700290318.1822544
2026-06-01,Bogotá,2,0605,proyeccion,298012550.6715822
2026-06-01,Bogotá,2,07,proyeccion,2283843194.1175795
2026-06-01,Bogotá,2,1301,proyeccion,214345677.4515513
2026-06-01,Bogotá,2,14,proyeccion,203333690.05814376
2026-06-01,Bogotá,2,15,proyeccion,422122652.9077847
2026-06-01,Bogotá,2,1725,proyeccion,433881888.8936179
2026-06-01,Bogotá,2,25,proyeccion,1297908666.4175313
2026-06-01,Bogotá,2,76,proyeccion,160522621.8719853
2026-06-01,Bogotá,2,80,proyeccion,296671577.4125793
2026-06-01,Bogotá,2,E,proyeccion,409421622.1796115
2026-06-01,Cali,3,0605,proyeccion,125617771.67589101
2026-06-01,Cali,3,07,proyeccion,717296461.049516
2026-06-01,Cali,3,1301,proyeccion,106073417.62194811
2026-06-01,Cali,3,14,proyeccion,116893585.73378351
2026-06-01,Cali,3,15,proyeccion,128759347.70026417
2026-06-01,Cali,3,1725,proyeccion,246443714.90712833
2026-06-01,Cali,3,25,proyeccion,302028088.1578827
2026-06-01,Cali,3,76,proyeccion,129132573.633527
2026-06-01,Cali,3,80,proyeccion,258067168.02620605
2026-06-01,Cali,3,E,proyeccion,340683155.6600782
2026-06-01,Barranquilla,4,0605,proyeccion,35641636.96385376
2026-06-01,Barranquilla,4,07,proyeccion,428578612.32435906
2026-06-01,Barranquilla,4,1301,proyeccion,105219863.58162232
2026-06-01,Barranquilla,4,14,proyeccion,84214366.39910999
2026-06-01,Barranquilla,4,15,proyeccion,206365179.5517089
2026-06-01,Barranquilla,4,1725,proyeccion,116722700.34679049
2026-06-01,Barranquilla,4,25,proyeccion,437323344.2352448
2026-06-01,Barranquilla,4,76,proyeccion,50636847.23382963
2026-06-01,Barranquilla,4,80,proyeccion,165181996.3057727
2026-06-01,Barranquilla,4,E,proyeccion,633309952.8216913
2026-06-01,Cartagena,5,0605,proyeccion,49075773.059836246
2026-06-01,Cartagena,5,07,proyeccion,711076026.4473883
2026-06-01,Cartagena,5,1301,proyeccion,131119185.48251629
2026-06-01,Cartagena,5,14,proyeccion,28861174.383326367
2026-06-01,Cartagena,5,15,proyeccion,131479082.13595276
2026-06-01,Cartagena,5,1725,proyeccion,234211782.75874937
2026-06-01,Cartagena,5,25,proyeccion,255431746.6377339
2026-06-01,Cartagena,5,76,proyeccion,101428130.65231125
2026-06-01,Cartagena,5,80,proyeccion,132614568.47825812
2026-06-01,Cartagena,5,E,proyeccion,148290492.7223679
2026-07-01,Medellín,1,0605,proyeccion,224897954.16372842
2026-07-01,Medellín,1,07,proyeccion,1809133872.9558542
2026-07-01,Medellín,1,1301,proyeccion,336590647.9649802
2026-07-01,Medellín,1,14,proyeccion,119279315.66217007
2026-07-01,Medellín,1,15,proyeccion,337292345.0749342
2026-07-01,Medellín,1,1725,proyeccion,370648075.96497583
2026-07-01,Medellín,1,25,proyeccion,860505019.4857773
2026-07-01,Medellín,1,76,proyeccion,161029459.90439045
2026-07-01,Medellín,1,80,proyeccion,410960678.18427056
2026-07-01,Medellín,1,E,proyeccion,729925255.7503445
2026-07-01,Bogotá,2,0605,proyeccion,338426098.56207705
2026-07-01,Bogotá,2,07,proyeccion,2265690561.9451613
2026-07-01,Bogotá,2,1301,proyeccion,195292309.84717435
2026-07-01,Bogotá,2,14,proyeccion,247925826.61975038
2026-07-01,Bogotá,2,15,proyeccion,451273932.1029141
2026-07-01,Bogotá,2,1725,proyeccion,446473760.46700317
2026-07-01,Bogotá,2,25,proyeccion,1193998848.2296686
2026-07-01,Bogotá,2,76,proyeccion,166864094.29811922
2026-07-01,Bogotá,2,80,proyeccion,342055341.18871766
2026-07-01,Bogotá,2,E,proyeccion,387831025.21681213
2026-07-01,Cali,3,0605,proyeccion,128445922.80414754
2026-07-01,Cali,3,07,proyeccion,740743228.8561746
2026-07-01,Cali,3,1301,proyeccion,120860996.55182952
2026-07-01,Cali,3,14,proyeccion,111318320.6342585
2026-07-01,Cali,3,15,proyeccion,137999610.15904468
2026-07-01,Cali,3,1725,proyeccion,287641105.3271946
2026-07-01,Cali,3,25,proyeccion,315188666.39398557
2026-07-01,Cali,3,76,proyeccion,143638892.57715437
2026-07-01,Cali,3,80,proyeccion,252488249.3840619
2026-07-01,Cali,3,E,proyeccion,316227604.01256454
2026-07-01,Barranquilla,4,0605,proyeccion,40740990.571622156
2026-07-01,Barranquilla,4,07,proyeccion,434479326.4252001
2026-07-01,Barranquilla,4,1301,proyeccion,121758640.43084799
2026-07-01,Barranquilla,4,14,proyeccion,93808020.00417975
2026-07-01,Barranquilla,4,15,proyeccion,205787256.0560837
2026-07-01,Barranquilla,4,1725,proyeccion,130018192.6725004
2026-07-01,Barranquilla,4,25,proyeccion,442263341.21760315
2026-07-01,Barranquilla,4,76,proyeccion,51923131.452924825
2026-07-01,Barranquilla,4,80,proyeccion,155052847.72081557
2026-07-01,Barranquilla,4,E,proyeccion,564331420.2222055
2026-07-01,Cartagena,5,0605,proyeccion,52837660.64439684
2026-07-01,Cartagena,5,07,proyeccion,737651276.5774037
2026-07-01,Cartagena,5,1301,proyeccion,132913793.5557631
2026-07-01,Cartagena,5,14,proyeccion,35329381.19429502
2026-07-01,Cartagena,5,15,proyeccion,136045830.79344517
2026-07-01,Cartagena,5,1725,proyeccion,242690690.14806375
2026-07-01,Cartagena,5,25,proyeccion,237097380.81176627
2026-07-01,Cartagena,5,76,proyeccion,124530024.67420544
2026-07-01,Cartagena,5,80,proyeccion,123793142.88426685
2026-07-01,Cartagena,5,E,proyeccion,164687526.76472676
2026-08-01,Medellín,1,0605,proyeccion,256679815.33796656
2026-08-01,Medellín,1,07,proyeccion,1835943246.1709738
2026-08-01,Medellín,1,1301,proyeccion,291627142.87478215
2026-08-01,Medellín,1,14,proyeccion,126133052.59416293
2026-08-01,Medellín,1,15,proyeccion,331839030.69370633
2026-08-01,Medellín,1,1725,proyeccion,349056763.0413859
2026-08-01,Medellín,1,25,proyeccion,878948625.3924875
2026-08-01,Medellín,1,76,proyeccion,161252255.87596175
2026-08-01,Medellín,1,80,proyeccion,418327020.0298178
2026-08-01,Medellín,1,E,proyeccion,735570745.156878
2026-08-01,Bogotá,2,0605,proyeccion,331685344.93138015
2026-08-01,Bogotá,2,07,proyeccion,2295667343.8441863
2026-08-01,Bogotá,2,1301,proyeccion,232303707.45271984
2026-08-01,Bogotá,2,14,proyeccion,237528457.86463243
2026-08-01,Bogotá,2,15,proyeccion,412934110.3518456
2026-08-01,Bogotá,2,1725,proyeccion,471205877.0022308
2026-08-01,Bogotá,2,25,proyeccion,1298778353.5516841
2026-08-01,Bogotá,2,76,proyeccion,158474893.71362576
2026-08-01,Bogotá,2,80,proyeccion,302721644.7260476
2026-08-01,Bogotá,2,E,proyeccion,402072848.8913858
2026-08-01,Cali,3,0605,proyeccion,142841722.36401105
2026-08-01,Cali,3,07,proyeccion,723448212.4417434
2026-08-01,Cali,3,1301,proyeccion,133460110.11020455
2026-08-01,Cali,3,14,proyeccion,130116563.18888208
2026-08-01,Cali,3,15,proyeccion,129789243.04974075
2026-08-01,Cali,3,1725,proyeccion,245223185.35959774
2026-08-01,Cali,3,25,proyeccion,315170360.2562247
2026-08-01,Cali,3,76,proyeccion,131378152.03388949
2026-08-01,Cali,3,80,proyeccion,255646655.83619788
2026-08-01,Cali,3,E,proyeccion,294552984.17616725
2026-08-01,Barranquilla,4,0605,proyeccion,42759394.84664024
2026-08-01,Barranquilla,4,07,proyeccion,419511345.05763555
2026-08-01,Barranquilla,4,1301,proyeccion,114488622.8652075
2026-08-01,Barranquilla,4,14,proyeccion,110664094.38198262
2026-08-01,Barranquilla,4,15,proyeccion,193862886.2090044
2026-08-01,Barranquilla,4,1725,proyeccion,109512783.99972507
2026-08-01,Barranquilla,4,25,proyeccion,416763785.1981476
2026-08-01,Barranquilla,4,76,proyeccion,52536095.99928
2026-08-01,Barranquilla,4,80,proyeccion,143728122.41148758
2026-08-01,Barranquilla,4,E,proyeccion,660720768.1774802
2026-08-01,Cartagena,5,0605,proyeccion,50785350.2603985
2026-08-01,Cartagena,5,07,proyeccion,725400387.7551154
2026-08-01,Cartagena,5,1301,proyeccion,127866729.44454657
2026-08-01,Cartagena,5,14,proyeccion,35322463.07388073
2026-08-01,Cartagena,5,15,proyeccion,131711917.2385066
2026-08-01,Cartagena,5,1725,proyeccion,252881624.2034578
2026-08-01,Cartagena,5,25,proyeccion,250461313.49322042
2026-08-01,Cartagena,5,76,proyeccion,111025668.93069714
2026-08-01,Cartagena,5,80,proyeccion,132762975.65261345
2026-08-01,Cartagena,5,E,proyeccion,180680669.8655476
2026-09-01,Medellín,1,0605,proyeccion,254429026.88723892
2026-09-01,Medellín,1,07,proyeccion,1852534300.174032
2026-09-01,Medellín,1,1301,proyeccion,302158327.0526068
2026-09-01,Medellín,1,14,proyeccion,111398303.46790259
2026-09-01,Medellín,1,15,proyeccion,337925767.4693187
2026-09-01,Medellín,1,1725,proyeccion,356409656.6445876
2026-09-01,Medellín,1,25,proyeccion,882317208.4893134
2026-09-01,Medellín,1,76,proyeccion,166696235.29379463
2026-09-01,Medellín,1,80,proyeccion,430390766.1680551
2026-09-01,Medellín,1,E,proyeccion,738400146.2556121
2026-09-01,Bogotá,2,0605,proyeccion,336572921.6789655
2026-09-01,Bogotá,2,07,proyeccion,2298778776.2958894
2026-09-01,Bogotá,2,1301,proyeccion,245533222.26306984
2026-09-01,Bogotá,2,14,proyeccion,255887029.5179517
2026-09-01,Bogotá,2,15,proyeccion,435251268.4159377
2026-09-01,Bogotá,2,1725,proyeccion,452853396.96575433
2026-09-01,Bogotá,2,25,proyeccion,1291014571.42086
2026-09-01,Bogotá,2,76,proyeccion,160191505.0461216
2026-09-01,Bogotá,2,80,proyeccion,291041746.8337972
2026-09-01,Bogotá,2,E,proyeccion,390976542.9734695
2026-09-01,Cali,3,0605,proyeccion,135652761.83038825
2026-09-01,Cali,3,07,proyeccion,717246121.7918541
2026-09-01,Cali,3,1301,proyeccion,126749630.04118061
2026-09-01,Cali,3,14,proyeccion,121357595.67426988
2026-09-01,Cali,3,15,proyeccion,128978916.00964433
2026-09-01,Cali,3,1725,proyeccion,278715835.66813177
2026-09-01,Cali,3,25,proyeccion,305243717.59245694
2026-09-01,Cali,3,76,proyeccion,145965696.94703352
2026-09-01,Cali,3,80,proyeccion,272994476.9024731
2026-09-01,Cali,3,E,proyeccion,337643915.2307383
2026-09-01,Barranquilla,4,0605,proyeccion,43357951.547506854
2026-09-01,Barranquilla,4,07,proyeccion,441366188.22227484
2026-09-01,Barranquilla,4,1301,proyeccion,124223653.88973346
2026-09-01,Barranquilla,4,14,proyeccion,112471554.75561333
2026-09-01,Barranquilla,4,15,proyeccion,199068795.75303185
2026-09-01,Barranquilla,4,1725,proyeccion,112946031.74170412
2026-09-01,Barranquilla,4,25,proyeccion,416345521.55142176
2026-09-01,Barranquilla,4,76,proyeccion,53797842.997251615
2026-09-01,Barranquilla,4,80,proyeccion,148084632.22430784
2026-09-01,Barranquilla,4,E,proyeccion,681694588.6723833
2026-09-01,Cartagena,5,0605,proyeccion,50135934.6972737
2026-09-01,Cartagena,5,07,proyeccion,730707086.3526559
2026-09-01,Cartagena,5,1301,proyeccion,111312499.46604373
2026-09-01,Cartagena,5,14,proyeccion,35262444.693993375
2026-09-01,Cartagena,5,15,proyeccion,151054701.90711686
2026-09-01,Cartagena,5,1725,proyeccion,252605763.20939392
2026-09-01,Cartagena,5,25,proyeccion,245039979.78156066
2026-09-01,Cartagena,5,76,proyeccion,107179552.87332025
2026-09-01,Cartagena,5,80,proyeccion,114344924.31174333
2026-09-01,Cartagena,5,E,proyeccion,138825065.589873
2026-10-01,Medellín,1,0605,proyeccion,266381751.932439
2026-10-01,Medellín,1,07,proyeccion,1869770668.716996
2026-10-01,Medellín,1,1301,proyeccion,305828727.0332638
2026-10-01,Medellín,1,14,proyeccion,144038588.10781565
2026-10-01,Medellín,1,15,proyeccion,323556282.3428199
2026-10-01,Medellín,1,1725,proyeccion,347642698.5184348
2026-10-01,Medellín,1,25,proyeccion,888551905.681429
2026-10-01,Medellín,1,76,proyeccion,165519384.1294144
2026-10-01,Medellín,1,80,proyeccion,412161841.25355583
2026-10-01,Medellín,1,E,proyeccion,744246236.8909099
2026-10-01,Bogotá,2,0605,proyeccion,343943774.8734847
2026-10-01,Bogotá,2,07,proyeccion,2299521778.041649
2026-10-01,Bogotá,2,1301,proyeccion,236667960.09624177
2026-10-01,Bogotá,2,14,proyeccion,266507310.9317527
2026-10-01,Bogotá,2,15,proyeccion,411578403.36059004
2026-10-01,Bogotá,2,1725,proyeccion,516268822.126115
2026-10-01,Bogotá,2,25,proyeccion,1238136018.5415254
2026-10-01,Bogotá,2,76,proyeccion,161864066.8091058
2026-10-01,Bogotá,2,80,proyeccion,308118251.036819
2026-10-01,Bogotá,2,E,proyeccion,410005357.156749
2026-10-01,Cali,3,0605,proyeccion,136492404.73011518
2026-10-01,Cali,3,07,proyeccion,714046407.1258185
2026-10-01,Cali,3,1301,proyeccion,122727034.2749634
2026-10-01,Cali,3,14,proyeccion,116079750.54634291
2026-10-01,Cali,3,15,proyeccion,131092457.05316202
2026-10-01,Cali,3,1725,proyeccion,239071862.08063218
2026-10-01,Cali,3,25,proyeccion,307045821.5572412
2026-10-01,Cali,3,76,proyeccion,132972124.68552214
2026-10-01,Cali,3,80,proyeccion,268909325.7716865
2026-10-01,Cali,3,E,proyeccion,329176494.9251641
2026-10-01,Barranquilla,4,0605,proyeccion,45192080.790232986
2026-10-01,Barranquilla,4,07,proyeccion,432249080.16291285
2026-10-01,Barranquilla,4,1301,proyeccion,146350703.48338592
2026-10-01,Barranquilla,4,14,proyeccion,142662088.18291497
2026-10-01,Barranquilla,4,15,proyeccion,199269497.388744
2026-10-01,Barranquilla,4,1725,proyeccion,117740566.97935498
2026-10-01,Barranquilla,4,25,proyeccion,433851846.9871259
2026-10-01,Barranquilla,4,76,proyeccion,64285179.96722646
2026-10-01,Barranquilla,4,80,proyeccion,142322695.58865988
2026-10-01,Barranquilla,4,E,proyeccion,656282822.76189
2026-10-01,Cartagena,5,0605,proyeccion,50296011.47339985
2026-10-01,Cartagena,5,07,proyeccion,716153466.70929
2026-10-01,Cartagena,5,1301,proyeccion,104989169.83728318
2026-10-01,Cartagena,5,14,proyeccion,49388656.11747455
2026-10-01,Cartagena,5,15,proyeccion,132972560.00610271
2026-10-01,Cartagena,5,1725,proyeccion,251949973.73809192
2026-10-01,Cartagena,5,25,proyeccion,245556661.6357186
2026-10-01,Cartagena,5,76,proyeccion,108090741.08692433
2026-10-01,Cartagena,5,80,proyeccion,128149766.69724764
2026-10-01,Cartagena,5,E,proyeccion,148935921.15154803
